anchor_clip_id,partner_clip_ids,vessel_class
240,1795|1794|1798|1790|1793|1796,cargo_ship
241,1794|1795|1790|1798|1793|1796,cargo_ship
242,1795|1798|1794|1797|1799|1796,cargo_ship
243,1795|1794|1798|1790|1799|1796,cargo_ship
244,1799|1797|1796|1798|1795|1777,cargo_ship
245,1794|1782|1790|1784|1793|1780,cargo_ship
246,1794|1782|1790|1793|1795|1784,cargo_ship
247,1799|1780|1784|1783|1796|1781,cargo_ship
248,1794|1782|1790|1795|1793|1798,cargo_ship
249,1780|1784|1799|1783|1796|1781,cargo_ship
250,1782|1794|1781|1783|1790|1761,cargo_ship
251,1780|1784|1783|1781|1789|1763,cargo_ship
252,1782|1784|1780|1783|1781|1794,cargo_ship
253,1782|1794|1781|1783|1784|1790,cargo_ship
254,1780|1784|1783|1782|1781|1762,cargo_ship
255,1782|1781|1783|1761|1784|1780,cargo_ship
256,1780|1784|1783|1763|1781|1762,cargo_ship
257,1780|1784|1783|1763|1762|1781,cargo_ship
258,1780|1784|1783|1781|1782|1762,cargo_ship
259,1782|1784|1780|1781|1783|1761,cargo_ship
260,1777|1776|1775|1778|1779|1772,cargo_ship
261,1775|1777|1778|1779|1776|1770,cargo_ship
262,1775|1777|1776|1778|1779|1774,cargo_ship
263,1775|1770|1779|1778|1794|1776,cargo_ship
264,1777|1775|1776|1778|1779|1774,cargo_ship
265,1763|1777|1762|1776|1761|1760,cargo_ship
266,1762|1775|1763|1777|1760|1761,cargo_ship
267,1775|1761|1762|1764|1760|1777,cargo_ship
268,1761|1775|1764|1767|1770|1794,cargo_ship
269,1775|1761|1762|1764|1760|1777,cargo_ship
270,1762|1763|1760|1761|1764|1780,cargo_ship
271,1763|1762|1760|1772|1771|1769,cargo_ship
272,1763|1762|1760|1780|1777|1784,cargo_ship
273,1761|1764|1762|1760|1763|1775,cargo_ship
274,1761|1764|1762|1760|1763|1767,cargo_ship
275,1763|1762|1760|1764|1761|1780,cargo_ship
276,1762|1763|1760|1761|1764|1784,cargo_ship
277,1763|1762|1760|1780|1784|1764,cargo_ship
278,1761|1764|1760|1762|1763|1782,cargo_ship
279,1763|1762|1760|1780|1784|1764,cargo_ship
280,1718|1717|1719|1795|1798|1716,cargo_ship
281,1718|1717|1719|1716|1795|1798,cargo_ship
282,1718|1719|1795|1717|1794|1798,cargo_ship
283,1718|1717|1719|1795|1799|1798,cargo_ship
284,1718|1799|1717|1719|1715|1795,cargo_ship
285,1780|1784|1703|1701|1799|1718,cargo_ship
286,1700|1704|1794|1718|1719|1795,cargo_ship
287,1700|1718|1794|1704|1790|1719,cargo_ship
288,1784|1780|1703|1701|1799|1783,cargo_ship
289,1718|1700|1784|1780|1704|1717,cargo_ship
290,1703|1780|1784|1701|1783|1702,cargo_ship
291,1700|1704|1782|1740|1718|1794,cargo_ship
292,1780|1784|1703|1704|1700|1782,cargo_ship
293,1700|1704|1782|1701|1781|1794,cargo_ship
294,1780|1784|1700|1704|1703|1782,cargo_ship
295,1700|1704|1701|1782|1783|1781,cargo_ship
296,1780|1784|1703|1700|1704|1782,cargo_ship
297,1784|1780|1703|1700|1704|1782,cargo_ship
298,1700|1704|1782|1701|1783|1781,cargo_ship
299,1780|1703|1784|1701|1783|1700,cargo_ship
300,1696|1775|1697|1777|1695|1699,cargo_ship
301,1777|1695|1699|1776|1778|1775,cargo_ship
302,1696|1775|1697|1690|1698|1718,cargo_ship
303,1775|1696|1697|1690|1699|1698,cargo_ship
304,1699|1777|1775|1695|1696|1697,cargo_ship
305,1777|1681|1763|1762|1695|1699,cargo_ship
306,1680|1696|1761|1690|1682|1775,cargo_ship
307,1682|1680|1696|1761|1683|1684,cargo_ship
308,1762|1777|1681|1763|1699|1760,cargo_ship
309,1775|1680|1696|1761|1697|1690,cargo_ship
310,1680|1761|1764|1722|1684|1762,cargo_ship
311,1680|1761|1722|1764|1684|1683,cargo_ship
312,1762|1763|1681|1760|1680|1761,cargo_ship
313,1682|1680|1762|1681|1763|1761,cargo_ship
314,1680|1761|1764|1722|1684|1762,cargo_ship
315,1680|1761|1764|1722|1684|1762,cargo_ship
316,1680|1761|1722|1764|1684|1683,cargo_ship
317,1680|1761|1722|1764|1684|1683,cargo_ship
318,1762|1763|1680|1760|1681|1761,cargo_ship
319,1762|1680|1763|1760|1681|1761,cargo_ship
320,1718|1719|1717|1711|1712|1715,cargo_ship
321,1718|1719|1717|1711|1712|1696,cargo_ship
322,1718|1717|1715|1716|1719|1699,cargo_ship
323,1718|1715|1716|1717|1719|1695,cargo_ship
324,1718|1719|1717|1711|1712|1696,cargo_ship
325,1700|1704|1718|1719|1701|1717,cargo_ship
326,1703|1701|1718|1709|1715|1716,cargo_ship
327,1718|1703|1700|1704|1717|1719,cargo_ship
328,1703|1701|1715|1716|1706|1709,cargo_ship
329,1703|1701|1718|1700|1704|1715,cargo_ship
330,1701|1700|1704|1703|1702|1682,cargo_ship
331,1700|1704|1701|1703|1718|1702,cargo_ship
332,1703|1701|1702|1681|1682|1709,cargo_ship
333,1703|1701|1700|1704|1702|1709,cargo_ship
334,1700|1704|1701|1680|1718|1702,cargo_ship
335,1700|1704|1680|1701|1702|1703,cargo_ship
336,1703|1701|1702|1681|1682|1700,cargo_ship
337,1700|1704|1701|1703|1702|1680,cargo_ship
338,1703|1704|1700|1701|1702|1681,cargo_ship
339,1703|1701|1702|1700|1682|1704,cargo_ship
340,1696|1697|1690|1698|1699|1718,cargo_ship
341,1696|1697|1690|1698|1718|1719,cargo_ship
342,1696|1697|1690|1699|1718|1698,cargo_ship
343,1696|1697|1690|1718|1699|1698,cargo_ship
344,1695|1699|1698|1696|1697|1693,cargo_ship
345,1680|1696|1697|1690|1684|1683,cargo_ship
346,1680|1696|1690|1697|1684|1683,cargo_ship
347,1680|1699|1696|1697|1681|1695,cargo_ship
348,1699|1681|1695|1682|1680|1696,cargo_ship
349,1680|1696|1690|1697|1684|1683,cargo_ship
350,1681|1682|1703|1695|1687|1685,cargo_ship
351,1681|1682|1680|1683|1684|1703,cargo_ship
352,1680|1682|1684|1683|1681|1700,cargo_ship
353,1682|1681|1703|1687|1683|1701,cargo_ship
354,1680|1684|1683|1690|1700|1704,cargo_ship
355,1680|1684|1683|1700|1704|1682,cargo_ship
356,1680|1684|1683|1682|1700|1681,cargo_ship
357,1680|1684|1683|1700|1704|1681,cargo_ship
358,1680|1684|1683|1682|1681|1700,cargo_ship
359,1680|1684|1683|1700|1682|1704,cargo_ship
720,1799|1796|1797|1777|1795|1792,cargo_ship
721,1799|1797|1796|1798|1795|1777,cargo_ship
722,1795|1798|1799|1797|1796|1794,cargo_ship
723,1794|1795|1798|1790|1793|1797,cargo_ship
724,1795|1794|1798|1799|1790|1796,cargo_ship
725,1794|1795|1790|1782|1798|1793,cargo_ship
726,1794|1782|1790|1795|1793|1798,cargo_ship
727,1794|1795|1799|1783|1796|1790,cargo_ship
728,1794|1782|1790|1795|1793|1798,cargo_ship
729,1784|1780|1782|1799|1783|1795,cargo_ship
730,1782|1794|1790|1781|1761|1783,cargo_ship
731,1782|1794|1784|1781|1780|1790,cargo_ship
732,1782|1784|1780|1794|1781|1790,cargo_ship
733,1780|1784|1783|1781|1763|1782,cargo_ship
734,1782|1794|1784|1781|1780|1783,cargo_ship
735,1780|1784|1782|1783|1781|1762,cargo_ship
736,1782|1780|1784|1781|1783|1761,cargo_ship
737,1780|1784|1782|1783|1781|1762,cargo_ship
738,1782|1781|1783|1784|1780|1761,cargo_ship
739,1782|1780|1784|1781|1783|1761,cargo_ship
740,1775|1777|1779|1778|1776|1770,cargo_ship
741,1775|1777|1778|1776|1779|1770,cargo_ship
742,1775|1777|1776|1779|1778|1770,cargo_ship
743,1777|1775|1776|1778|1779|1772,cargo_ship
744,1775|1779|1778|1777|1776|1770,cargo_ship
745,1775|1761|1762|1760|1764|1763,cargo_ship
746,1775|1761|1764|1762|1763|1777,cargo_ship
747,1761|1775|1764|1767|1770|1794,cargo_ship
748,1777|1762|1763|1760|1776|1778,cargo_ship
749,1762|1763|1777|1760|1775|1776,cargo_ship
750,1761|1762|1764|1760|1763|1775,cargo_ship
751,1761|1764|1762|1760|1763|1775,cargo_ship
752,1761|1764|1767|1775|1760|1762,cargo_ship
753,1761|1764|1763|1762|1760|1772,cargo_ship
754,1761|1762|1760|1763|1764|1775,cargo_ship
755,1761|1764|1760|1762|1763|1782,cargo_ship
756,1762|1763|1760|1761|1764|1784,cargo_ship
757,1761|1764|1762|1760|1763|1782,cargo_ship
758,1761|1764|1762|1760|1763|1782,cargo_ship
759,1761|1764|1760|1763|1762|1782,cargo_ship
760,1718|1719|1795|1794|1717|1798,cargo_ship
761,1718|1719|1717|1795|1794|1798,cargo_ship
762,1799|1715|1716|1796|1797|1757,cargo_ship
763,1718|1719|1717|1794|1795|1790,cargo_ship
764,1799|1715|1716|1796|1757|1797,cargo_ship
765,1784|1780|1703|1718|1701|1700,cargo_ship
766,1718|1700|1704|1717|1794|1782,cargo_ship
767,1703|1780|1784|1701|1799|1783,cargo_ship
768,1700|1704|1794|1718|1701|1795,cargo_ship
769,1784|1780|1703|1701|1718|1700,cargo_ship
770,1700|1704|1701|1782|1783|1781,cargo_ship
771,1700|1704|1782|1780|1784|1740,cargo_ship
772,1700|1704|1782|1784|1701|1780,cargo_ship
773,1700|1704|1782|1718|1740|1794,cargo_ship
774,1703|1780|1701|1784|1700|1704,cargo_ship
775,1700|1704|1782|1740|1680|1701,cargo_ship
776,1784|1780|1703|1701|1783|1702,cargo_ship
777,1701|1700|1704|1783|1703|1781,cargo_ship
778,1700|1704|1782|1740|1780|1784,cargo_ship
779,1784|1780|1703|1701|1700|1704,cargo_ship
780,1775|1696|1697|1690|1699|1698,cargo_ship
781,1699|1777|1695|1775|1696|1697,cargo_ship
782,1775|1696|1697|1690|1718|1698,cargo_ship
783,1696|1775|1697|1690|1698|1718,cargo_ship
784,1777|1695|1699|1776|1778|1779,cargo_ship
785,1775|1680|1696|1761|1697|1762,cargo_ship
786,1682|1680|1763|1762|1681|1777,cargo_ship
787,1775|1680|1696|1761|1697|1762,cargo_ship
788,1775|1680|1696|1761|1697|1762,cargo_ship
789,1682|1681|1695|1777|1763|1762,cargo_ship
790,1680|1761|1762|1760|1763|1764,cargo_ship
791,1682|1681|1763|1762|1760|1683,cargo_ship
792,1680|1761|1762|1682|1763|1764,cargo_ship
793,1680|1761|1682|1684|1683|1764,cargo_ship
794,1682|1681|1763|1762|1760|1683,cargo_ship
795,1680|1761|1764|1722|1684|1683,cargo_ship
796,1680|1761|1722|1684|1764|1683,cargo_ship
797,1682|1681|1763|1762|1760|1724,cargo_ship
798,1680|1762|1763|1761|1681|1760,cargo_ship
799,1682|1681|1763|1762|1680|1761,cargo_ship
800,1718|1719|1717|1711|1712|1715,cargo_ship
801,1718|1717|1719|1716|1711|1715,cargo_ship
802,1718|1719|1717|1711|1712|1696,cargo_ship
803,1718|1719|1717|1715|1711|1712,cargo_ship
804,1718|1717|1719|1715|1716|1699,cargo_ship
805,1718|1700|1704|1717|1719|1703,cargo_ship
806,1718|1700|1704|1717|1719|1703,cargo_ship
807,1718|1703|1700|1704|1717|1701,cargo_ship
808,1703|1718|1700|1704|1701|1717,cargo_ship
809,1718|1700|1704|1717|1719|1703,cargo_ship
810,1700|1704|1703|1701|1718|1702,cargo_ship
811,1703|1700|1704|1701|1702|1718,cargo_ship
812,1704|1700|1703|1702|1701|1718,cargo_ship
813,1700|1704|1703|1701|1702|1718,cargo_ship
814,1700|1704|1701|1702|1718|1703,cargo_ship
815,1700|1704|1680|1701|1702|1703,cargo_ship
816,1703|1701|1702|1681|1682|1709,cargo_ship
817,1700|1704|1701|1703|1702|1680,cargo_ship
818,1700|1704|1701|1680|1702|1703,cargo_ship
819,1703|1701|1702|1682|1681|1700,cargo_ship
820,1696|1697|1699|1690|1718|1695,cargo_ship
821,1696|1697|1698|1695|1699|1690,cargo_ship
822,1696|1695|1697|1699|1698|1690,cargo_ship
823,1695|1699|1693|1698|1692|1687,cargo_ship
824,1695|1699|1698|1697|1696|1693,cargo_ship
825,1682|1680|1696|1683|1684|1690,cargo_ship
826,1699|1681|1695|1682|1680|1696,cargo_ship
827,1680|1696|1697|1690|1684|1699,cargo_ship
828,1681|1695|1699|1682|1687|1692,cargo_ship
829,1681|1695|1699|1682|1680|1696,cargo_ship
830,1680|1684|1683|1682|1690|1700,cargo_ship
831,1680|1684|1683|1690|1700|1681,cargo_ship
832,1680|1684|1683|1682|1700|1690,cargo_ship
833,1681|1682|1680|1684|1683|1703,cargo_ship
834,1680|1682|1681|1684|1683|1700,cargo_ship
835,1680|1684|1683|1681|1682|1700,cargo_ship
836,1681|1682|1683|1703|1684|1680,cargo_ship
837,1680|1684|1683|1682|1700|1704,cargo_ship
838,1680|1684|1683|1681|1682|1700,cargo_ship
839,1680|1684|1683|1700|1704|1682,cargo_ship
1200,1795|1798|1794|836|353|1799,cargo_ship
1201,1795|1794|1798|1799|836|1796,cargo_ship
1202,359|355|356|357|358|1795,cargo_ship
1203,1794|353|1795|836|1790|1798,cargo_ship
1204,1794|1795|836|350|1790|1798,cargo_ship
1205,1782|1794|353|823|341|1784,cargo_ship
1206,1794|823|353|1782|1790|350,cargo_ship
1207,1794|1795|1799|350|823|1782,cargo_ship
1208,353|1794|1782|823|1790|1793,cargo_ship
1209,1794|823|353|350|1790|1782,cargo_ship
1210,341|1784|1780|1782|342|340,cargo_ship
1211,341|1780|1784|1782|342|344,cargo_ship
1212,342|1782|344|343|1783|823,cargo_ship
1213,341|1780|1784|343|342|340,cargo_ship
1214,823|1782|344|824|1794|353,cargo_ship
1215,823|1782|344|824|1781|1780,cargo_ship
1216,823|1782|344|824|1781|1783,cargo_ship
1217,823|1782|344|824|1781|1783,cargo_ship
1218,1782|823|344|341|1780|1784,cargo_ship
1219,341|1780|342|1784|343|340,cargo_ship
1220,336|1775|816|339|819|338,cargo_ship
1221,1777|335|1776|337|1775|1778,cargo_ship
1222,1775|336|339|819|1777|816,cargo_ship
1223,1777|335|1775|1776|336|339,cargo_ship
1224,335|1777|1776|815|818|1778,cargo_ship
1225,324|1762|1763|1777|335|321,cargo_ship
1226,1762|1777|1763|324|335|1760,cargo_ship
1227,336|1775|1761|339|819|816,cargo_ship
1228,324|1762|1763|1777|335|1760,cargo_ship
1229,1762|324|1763|1777|1775|335,cargo_ship
1230,1762|324|1763|321|1760|320,cargo_ship
1231,324|321|1763|1762|320|1760,cargo_ship
1232,324|1763|1762|321|320|1760,cargo_ship
1233,324|1762|1763|321|320|1760,cargo_ship
1234,1761|322|323|1764|336|801,cargo_ship
1235,1761|324|1762|1763|322|321,cargo_ship
1236,324|321|1763|1762|320|1760,cargo_ship
1237,324|1762|1763|321|320|1760,cargo_ship
1238,1762|324|1763|1760|320|321,cargo_ship
1239,324|1762|1763|321|320|1760,cargo_ship
1240,1718|277|1717|279|1719|275,cargo_ship
1241,278|357|355|359|1799|1715,cargo_ship
1242,1718|277|279|1719|1717|1794,cargo_ship
1243,278|355|359|357|1799|356,cargo_ship
1244,1718|277|355|359|1717|357,cargo_ship
1245,1718|277|1700|1704|1794|353,cargo_ship
1246,341|263|1703|1780|1784|342,cargo_ship
1247,1700|277|1718|1794|1704|272,cargo_ship
1248,1718|277|341|1780|1704|1700,cargo_ship
1249,341|1784|1780|1703|263|355,cargo_ship
1250,341|1780|1784|263|1703|343,cargo_ship
1251,1700|1704|823|1782|344|1794,cargo_ship
1252,1700|1704|1782|823|344|341,cargo_ship
1253,1700|1704|823|1782|344|260,cargo_ship
1254,341|1780|1784|263|1703|1700,cargo_ship
1255,1700|1704|1701|1782|823|344,cargo_ship
1256,1700|1704|823|1782|344|260,cargo_ship
1257,1700|1704|1782|823|341|1784,cargo_ship
1258,1700|1704|823|1782|344|260,cargo_ship
1259,1700|1701|1704|342|341|263,cargo_ship
1260,1775|257|336|256|1696|339,cargo_ship
1261,1775|336|257|256|1696|339,cargo_ship
1262,257|336|256|1696|1775|339,cargo_ship
1263,335|1777|1695|255|1699|1776,cargo_ship
1264,257|256|336|338|258|1696,cargo_ship
1265,324|241|335|1777|1763|1681,cargo_ship
1266,1762|1699|1775|241|1777|1680,cargo_ship
1267,324|1682|335|241|321|1681,cargo_ship
1268,257|336|256|1680|1696|1761,cargo_ship
1269,324|241|1762|1763|1777|1681,cargo_ship
1270,1680|1761|720|322|244|1684,cargo_ship
1271,1680|1761|322|244|720|1682,cargo_ship
1272,1762|241|324|1763|1680|1681,cargo_ship
1273,1680|1761|720|1764|1722|1762,cargo_ship
1274,1680|1761|720|1722|1764|1684,cargo_ship
1275,1762|324|1763|241|1680|1681,cargo_ship
1276,241|324|1762|1681|1763|321,cargo_ship
1277,324|241|1681|321|1763|1762,cargo_ship
1278,1680|1761|720|1762|1764|1760,cargo_ship
1279,1680|1761|720|1764|1722|1684,cargo_ship
1280,1718|277|1717|279|1719|275,cargo_ship
1281,1718|277|279|1719|1717|275,cargo_ship
1282,1718|277|1717|279|1719|275,cargo_ship
1283,1718|277|279|1719|1717|275,cargo_ship
1284,277|1718|1719|279|275|272,cargo_ship
1285,1718|277|1700|1704|272|1719,cargo_ship
1286,263|1703|1701|278|261|1715,cargo_ship
1287,1718|277|1700|1704|1703|263,cargo_ship
1288,277|1718|1700|1704|272|1719,cargo_ship
1289,1701|1718|263|277|1700|1703,cargo_ship
1290,1700|1704|1701|260|264|262,cargo_ship
1291,1703|1700|263|1704|1701|262,cargo_ship
1292,1700|1704|1224|1718|260|277,cargo_ship
1293,1703|1700|263|1704|1701|262,cargo_ship
1294,263|1703|1700|1704|1701|261,cargo_ship
1295,1703|263|1700|1704|1701|261,cargo_ship
1296,1700|1704|260|264|1224|1701,cargo_ship
1297,1700|1704|260|264|1701|262,cargo_ship
1298,1701|1703|263|261|1700|262,cargo_ship
1299,1700|1704|1703|263|1701|260,cargo_ship
1300,257|256|1696|1697|1699|251,cargo_ship
1301,257|256|1696|258|1697|1690,cargo_ship
1302,1695|255|1699|259|738|736,cargo_ship
1303,257|256|1696|1697|258|1690,cargo_ship
1304,257|256|1696|258|1697|259,cargo_ship
1305,241|1681|1699|1695|255|1682,cargo_ship
1306,257|1680|256|1696|1699|1697,cargo_ship
1307,241|1682|1681|1695|255|240,cargo_ship
1308,1680|257|1699|256|1696|1697,cargo_ship
1309,257|1680|256|1696|1690|258,cargo_ship
1310,241|1681|1682|240|243|723,cargo_ship
1311,1680|244|720|1684|1683|1682,cargo_ship
1312,1680|241|1682|1681|720|240,cargo_ship
1313,1680|241|1681|720|240|243,cargo_ship
1314,1680|720|244|1684|1683|257,cargo_ship
1315,241|1681|1680|240|1682|243,cargo_ship
1316,241|1681|1680|1682|240|243,cargo_ship
1317,1680|720|244|1682|1684|1683,cargo_ship
1318,241|1682|1681|240|243|723,cargo_ship
1319,1680|720|1684|244|1683|1700,cargo_ship
1680,355|359|357|356|358|839,cargo_ship
1681,350|353|336|836|357|358,cargo_ship
1682,353|350|336|356|359|355,cargo_ship
1683,355|359|357|356|358|839,cargo_ship
1684,355|359|357|356|358|839,cargo_ship
1685,350|353|344|823|342|336,cargo_ship
1686,353|341|344|355|359|350,cargo_ship
1687,353|350|344|823|336|351,cargo_ship
1688,341|355|359|343|342|340,cargo_ship
1689,341|342|343|355|357|359,cargo_ship
1690,341|342|343|340|324|355,cargo_ship
1691,341|342|343|340|344|324,cargo_ship
1692,344|823|342|341|353|343,cargo_ship
1693,344|823|341|353|340|350,cargo_ship
1694,341|340|343|342|344|823,cargo_ship
1695,344|823|342|343|341|340,cargo_ship
1696,341|342|343|340|324|321,cargo_ship
1697,342|341|343|340|324|820,cargo_ship
1698,341|342|343|340|344|823,cargo_ship
1699,344|342|343|823|340|341,cargo_ship
1700,335|334|337|338|355|818,cargo_ship
1701,336|339|337|819|335|332,cargo_ship
1702,336|339|335|338|337|816,cargo_ship
1703,336|339|816|819|332|338,cargo_ship
1704,335|337|334|338|355|818,cargo_ship
1705,336|339|322|332|323|338,cargo_ship
1706,336|339|332|323|322|819,cargo_ship
1707,335|324|321|320|336|339,cargo_ship
1708,336|322|338|321|335|323,cargo_ship
1709,336|322|339|338|323|332,cargo_ship
1710,324|320|321|323|322|341,cargo_ship
1711,324|321|320|341|335|802,cargo_ship
1712,324|321|320|341|335|325,cargo_ship
1713,324|321|320|341|323|322,cargo_ship
1714,324|320|321|322|323|341,cargo_ship
1715,324|322|323|320|321|341,cargo_ship
1716,324|322|321|323|320|801,cargo_ship
1717,324|321|320|322|801|802,cargo_ship
1718,324|321|320|802|342|801,cargo_ship
1719,324|321|320|341|322|802,cargo_ship
1720,277|355|357|359|278|279,cargo_ship
1721,277|279|275|272|353|350,cargo_ship
1722,355|359|278|357|356|358,cargo_ship
1723,277|279|275|272|353|350,cargo_ship
1724,277|279|275|272|353|350,cargo_ship
1725,277|279|272|275|353|344,cargo_ship
1726,341|277|263|355|359|342,cargo_ship
1727,341|263|342|355|359|343,cargo_ship
1728,341|263|355|359|342|278,cargo_ship
1729,277|272|353|279|350|275,cargo_ship
1730,341|263|342|343|340|261,cargo_ship
1731,344|260|264|262|341|823,cargo_ship
1732,341|263|344|340|260|343,cargo_ship
1733,341|263|342|343|340|344,cargo_ship
1734,341|263|342|343|340|302,cargo_ship
1735,342|344|262|260|264|343,cargo_ship
1736,341|344|263|340|260|342,cargo_ship
1737,342|262|261|343|264|260,cargo_ship
1738,344|341|260|264|263|342,cargo_ship
1739,341|344|263|340|260|342,cargo_ship
1740,335|255|259|338|337|334,cargo_ship
1741,257|336|256|339|258|338,cargo_ship
1742,257|256|336|258|338|335,cargo_ship
1743,335|255|259|337|334|250,cargo_ship
1744,257|336|256|339|258|251,cargo_ship
1745,257|336|256|339|251|258,cargo_ship
1746,257|336|256|339|251|258,cargo_ship
1747,257|336|256|339|251|258,cargo_ship
1748,324|241|335|321|255|320,cargo_ship
1749,257|336|256|258|322|339,cargo_ship
1750,324|241|322|321|244|320,cargo_ship
1751,324|241|321|320|240|243,cargo_ship
1752,321|324|241|320|240|244,cargo_ship
1753,324|241|320|321|240|243,cargo_ship
1754,241|324|323|720|244|320,cargo_ship
1755,324|241|321|320|240|243,cargo_ship
1756,324|241|321|320|240|243,cargo_ship
1757,323|244|720|322|241|242,cargo_ship
1758,322|323|720|244|324|241,cargo_ship
1759,322|244|323|242|321|324,cargo_ship
1760,277|275|279|276|278|272,cargo_ship
1761,278|276|755|759|757|268,cargo_ship
1762,277|279|275|272|276|257,cargo_ship
1763,277|279|275|272|257|276,cargo_ship
1764,278|276|277|275|279|755,cargo_ship
1765,263|278|277|268|261|279,cargo_ship
1766,277|272|279|275|260|271,cargo_ship
1767,263|278|261|268|262|269,cargo_ship
1768,277|263|278|261|262|279,cargo_ship
1769,277|272|279|275|271|260,cargo_ship
1770,263|261|262|264|268|260,cargo_ship
1771,260|277|272|264|262|271,cargo_ship
1772,260|277|272|264|262|271,cargo_ship
1773,263|261|262|264|260|268,cargo_ship
1774,261|262|264|263|260|741,cargo_ship
1775,263|261|262|264|241|741,cargo_ship
1776,260|264|262|261|263|244,cargo_ship
1777,260|264|262|261|263|272,cargo_ship
1778,260|264|263|262|261|741,cargo_ship
1779,263|260|264|262|261|741,cargo_ship
1780,257|256|258|251|277|259,cargo_ship
1781,257|256|255|258|259|251,cargo_ship
1782,255|259|257|258|256|250,cargo_ship
1783,257|256|258|255|251|259,cargo_ship
1784,257|256|258|259|251|277,cargo_ship
1785,241|255|240|257|243|256,cargo_ship
1786,257|256|241|255|258|240,cargo_ship
1787,257|256|258|244|241|255,cargo_ship
1788,241|257|256|255|240|243,cargo_ship
1789,257|256|251|258|720|244,cargo_ship
1790,241|240|243|242|263|723,cargo_ship
1791,241|240|243|244|242|720,cargo_ship
1792,241|244|720|240|243|242,cargo_ship
1793,241|240|243|242|263|723,cargo_ship
1794,241|240|243|263|242|723,cargo_ship
1795,241|240|243|242|244|263,cargo_ship
1796,241|240|243|244|242|720,cargo_ship
1797,241|240|243|244|242|720,cargo_ship
1798,241|240|243|242|244|263,cargo_ship
1799,241|720|240|243|244|242,cargo_ship
120,1678|1677|1675|1679|1676|1674,fishing_vessel
121,1677|1678|1679|1676|1675|1674,fishing_vessel
122,1678|1677|1675|1679|1676|1673,fishing_vessel
123,1677|1679|1676|1667|1675|1678,fishing_vessel
124,1677|1679|1675|1676|1678|1667,fishing_vessel
125,1662|1678|1664|1675|1661|1663,fishing_vessel
126,1662|1664|1677|1661|1678|1660,fishing_vessel
127,1662|1664|1678|1677|1661|1660,fishing_vessel
128,1677|1667|1660|1663|1661|1668,fishing_vessel
129,1677|1662|1663|1660|1664|1678,fishing_vessel
130,1663|1660|1667|1662|1661|1664,fishing_vessel
131,1660|1663|1667|1661|1662|1664,fishing_vessel
132,1660|1663|1662|1661|1664|1667,fishing_vessel
133,1663|1660|1667|1661|1664|1662,fishing_vessel
134,1663|1660|1667|1661|1664|1662,fishing_vessel
135,1663|1660|1661|1662|1664|1667,fishing_vessel
136,1662|1660|1663|1661|1664|1667,fishing_vessel
137,1662|1664|1661|1663|1660|1641,fishing_vessel
138,1662|1660|1663|1661|1664|1667,fishing_vessel
139,1663|1662|1660|1664|1661|1640,fishing_vessel
140,1657|1659|1656|1655|1658|1650,fishing_vessel
141,1657|1658|1655|1659|1656|1651,fishing_vessel
142,1657|1659|1658|1677|1655|1656,fishing_vessel
143,1657|1659|1658|1677|1656|1655,fishing_vessel
144,1657|1659|1658|1656|1677|1655,fishing_vessel
145,1657|1659|1658|1642|1644|1656,fishing_vessel
146,1657|1659|1644|1658|1640|1642,fishing_vessel
147,1641|1640|1643|1655|1644|1642,fishing_vessel
148,1657|1659|1641|1642|1640|1643,fishing_vessel
149,1657|1659|1644|1658|1640|1642,fishing_vessel
150,1644|1640|1642|1641|1643|1657,fishing_vessel
151,1644|1640|1641|1643|1642|1657,fishing_vessel
152,1641|1640|1643|1644|1642|1662,fishing_vessel
153,1644|1642|1640|1643|1641|1657,fishing_vessel
154,1640|1644|1641|1643|1642|1649,fishing_vessel
155,1644|1642|1643|1640|1641|1660,fishing_vessel
156,1644|1642|1640|1641|1643|1660,fishing_vessel
157,1644|1642|1640|1643|1641|1660,fishing_vessel
158,1644|1642|1640|1643|1641|1663,fishing_vessel
159,1641|1640|1643|1644|1642|1662,fishing_vessel
160,1678|1677|1675|1597|1679|1598,fishing_vessel
161,1595|1599|1677|1678|1675|1597,fishing_vessel
162,1677|1597|1595|1592|1599|1596,fishing_vessel
163,1678|1599|1595|1675|1679|1590,fishing_vessel
164,1677|1597|1678|1679|1675|1598,fishing_vessel
165,1677|1588|1667|1597|1589|1663,fishing_vessel
166,1662|1581|1582|1595|1584|1599,fishing_vessel
167,1662|1581|1582|1595|1584|1580,fishing_vessel
168,1677|1592|1588|1597|1663|1660,fishing_vessel
169,1662|1581|1580|1678|1582|1664,fishing_vessel
170,1663|1660|1583|1588|1667|1620,fishing_vessel
171,1662|1581|1584|1582|1664|1660,fishing_vessel
172,1663|1583|1660|1620|1588|1667,fishing_vessel
173,1581|1662|1580|1582|1664|1584,fishing_vessel
174,1660|1663|1583|1584|1662|1582,fishing_vessel
175,1663|1660|1583|1620|1580|1661,fishing_vessel
176,1662|1581|1582|1584|1580|1664,fishing_vessel
177,1662|1581|1584|1582|1661|1664,fishing_vessel
178,1663|1662|1580|1660|1583|1581,fishing_vessel
179,1662|1584|1582|1581|1660|1663,fishing_vessel
180,1655|1578|1576|1575|1650|1579,fishing_vessel
181,1577|1655|1657|1658|1576|1575,fishing_vessel
182,1577|1657|1659|1619|1658|1618,fishing_vessel
183,1577|1657|1659|1658|1619|1618,fishing_vessel
184,1577|1657|1659|1619|1618|1573,fishing_vessel
185,1577|1563|1657|1640|1562|1641,fishing_vessel
186,1577|1657|1573|1659|1619|1618,fishing_vessel
187,1577|1657|1659|1573|1644|1658,fishing_vessel
188,1562|1563|1641|1561|1640|1560,fishing_vessel
189,1577|1657|1659|1573|1644|1658,fishing_vessel
190,1562|1642|1563|1561|1564|1640,fishing_vessel
191,1562|1563|1641|1561|1564|1643,fishing_vessel
192,1644|1642|1640|1563|1562|1564,fishing_vessel
193,1642|1562|1644|1640|1643|1563,fishing_vessel
194,1562|1563|1561|1641|1640|1560,fishing_vessel
195,1642|1644|1640|1563|1562|1564,fishing_vessel
196,1644|1640|1563|1562|1642|1561,fishing_vessel
197,1644|1642|1640|1560|1643|1564,fishing_vessel
198,1642|1644|1640|1564|1563|1600,fishing_vessel
199,1644|1642|1640|1562|1563|1561,fishing_vessel
200,1597|1598|1596|1592|1577|1588,fishing_vessel
201,1595|1599|1590|1598|1596|1585,fishing_vessel
202,1597|1592|1598|1596|1588|1577,fishing_vessel
203,1595|1599|1597|1598|1596|1592,fishing_vessel
204,1597|1592|1596|1588|1577|1598,fishing_vessel
205,1580|1583|1581|1597|1582|1598,fishing_vessel
206,1588|1597|1583|1592|1589|1580,fishing_vessel
207,1588|1597|1589|1583|1592|1598,fishing_vessel
208,1592|1584|1582|1581|1595|1597,fishing_vessel
209,1580|1583|1581|1582|1597|1584,fishing_vessel
210,1583|1588|1589|1580|1592|1584,fishing_vessel
211,1581|1582|1584|1580|1583|1585,fishing_vessel
212,1581|1582|1584|1580|1583|1588,fishing_vessel
213,1581|1582|1584|1580|1583|1563,fishing_vessel
214,1581|1580|1582|1584|1585|1563,fishing_vessel
215,1584|1582|1581|1580|1583|1588,fishing_vessel
216,1583|1588|1584|1580|1582|1581,fishing_vessel
217,1584|1582|1581|1583|1580|1588,fishing_vessel
218,1580|1583|1581|1582|1584|1563,fishing_vessel
219,1583|1584|1582|1588|1581|1580,fishing_vessel
220,1577|1576|1578|1575|1579|1573,fishing_vessel
221,1577|1576|1575|1573|1579|1578,fishing_vessel
222,1578|1575|1576|1579|1577|1595,fishing_vessel
223,1577|1576|1575|1578|1579|1572,fishing_vessel
224,1578|1577|1575|1576|1579|1595,fishing_vessel
225,1577|1573|1565|1570|1560|1563,fishing_vessel
226,1577|1563|1561|1560|1562|1564,fishing_vessel
227,1577|1573|1565|1570|1562|1563,fishing_vessel
228,1577|1573|1565|1570|1562|1563,fishing_vessel
229,1563|1562|1561|1560|1564|1578,fishing_vessel
230,1564|1560|1563|1562|1561|1573,fishing_vessel
231,1562|1577|1563|1561|1573|1560,fishing_vessel
232,1562|1563|1561|1560|1564|1577,fishing_vessel
233,1562|1563|1561|1564|1560|1581,fishing_vessel
234,1563|1562|1561|1560|1564|1568,fishing_vessel
235,1564|1560|1562|1563|1561|1565,fishing_vessel
236,1564|1560|1562|1563|1561|1565,fishing_vessel
237,1562|1563|1561|1560|1564|1581,fishing_vessel
238,1564|1560|1562|1561|1563|1565,fishing_vessel
239,1560|1564|1563|1561|1562|1565,fishing_vessel
600,1677|1679|1676|1675|1667|1678,fishing_vessel
601,1678|1675|1673|1679|1676|1671,fishing_vessel
602,1677|1679|1676|1678|1675|1667,fishing_vessel
603,1678|1675|1677|1679|1676|1674,fishing_vessel
604,1677|1679|1678|1675|1676|1657,fishing_vessel
605,1677|1667|1660|1662|1663|1661,fishing_vessel
606,1662|1678|1675|1664|1663|1661,fishing_vessel
607,1662|1678|1664|1675|1673|1661,fishing_vessel
608,1662|1677|1664|1661|1678|1663,fishing_vessel
609,1662|1678|1664|1675|1673|1661,fishing_vessel
610,1662|1664|1661|1663|1660|1641,fishing_vessel
611,1662|1664|1661|1663|1660|1641,fishing_vessel
612,1660|1663|1661|1667|1662|1664,fishing_vessel
613,1660|1663|1667|1661|1662|1677,fishing_vessel
614,1663|1660|1667|1661|1677|1662,fishing_vessel
615,1662|1664|1661|1663|1660|1640,fishing_vessel
616,1662|1664|1661|1660|1663|1641,fishing_vessel
617,1662|1664|1661|1660|1663|1640,fishing_vessel
618,1662|1663|1660|1664|1661|1640,fishing_vessel
619,1662|1664|1661|1663|1660|1641,fishing_vessel
620,1657|1659|1658|1677|1656|1655,fishing_vessel
621,1655|1657|1658|1659|1656|1650,fishing_vessel
622,1655|1657|1656|1659|1658|1650,fishing_vessel
623,1657|1659|1658|1656|1655|1677,fishing_vessel
624,1657|1655|1659|1658|1656|1650,fishing_vessel
625,1640|1641|1643|1657|1644|1642,fishing_vessel
626,1644|1640|1657|1658|1641|1655,fishing_vessel
627,1641|1640|1643|1655|1649|1650,fishing_vessel
628,1641|1640|1643|1655|1650|1642,fishing_vessel
629,1641|1657|1640|1643|1642|1659,fishing_vessel
630,1641|1643|1640|1644|1642|1662,fishing_vessel
631,1641|1643|1640|1644|1642|1662,fishing_vessel
632,1641|1643|1640|1642|1644|1662,fishing_vessel
633,1640|1641|1643|1642|1644|1662,fishing_vessel
634,1640|1641|1643|1644|1642|1662,fishing_vessel
635,1641|1640|1643|1644|1642|1662,fishing_vessel
636,1644|1640|1641|1642|1643|1663,fishing_vessel
637,1640|1641|1643|1644|1642|1662,fishing_vessel
638,1642|1644|1643|1641|1640|1660,fishing_vessel
639,1641|1640|1643|1642|1644|1662,fishing_vessel
640,1677|1597|1592|1588|1577|1596,fishing_vessel
641,1677|1597|1598|1592|1596|1679,fishing_vessel
642,1595|1599|1677|1678|1675|1597,fishing_vessel
643,1677|1597|1678|1675|1679|1598,fishing_vessel
644,1677|1595|1599|1597|1678|1592,fishing_vessel
645,1581|1662|1580|1678|1582|1675,fishing_vessel
646,1662|1581|1678|1580|1582|1599,fishing_vessel
647,1581|1662|1582|1580|1595|1678,fishing_vessel
648,1677|1592|1667|1588|1662|1584,fishing_vessel
649,1677|1663|1583|1597|1660|1588,fishing_vessel
650,1663|1660|1583|1588|1620|1580,fishing_vessel
651,1662|1581|1584|1582|1664|1661,fishing_vessel
652,1662|1581|1582|1584|1580|1664,fishing_vessel
653,1662|1581|1582|1584|1580|1664,fishing_vessel
654,1581|1580|1662|1582|1664|1584,fishing_vessel
655,1663|1580|1583|1660|1581|1662,fishing_vessel
656,1662|1581|1582|1580|1584|1664,fishing_vessel
657,1660|1663|1583|1584|1662|1661,fishing_vessel
658,1662|1581|1582|1584|1664|1580,fishing_vessel
659,1663|1583|1660|1580|1581|1662,fishing_vessel
660,1578|1657|1577|1659|1575|1576,fishing_vessel
661,1578|1577|1657|1659|1655|1656,fishing_vessel
662,1577|1657|1659|1619|1618|1658,fishing_vessel
663,1577|1657|1659|1658|1655|1578,fishing_vessel
664,1578|1655|1576|1575|1650|1579,fishing_vessel
665,1577|1657|1659|1573|1644|1658,fishing_vessel
666,1577|1657|1573|1659|1619|1618,fishing_vessel
667,1563|1640|1562|1561|1641|1560,fishing_vessel
668,1640|1563|1562|1561|1641|1560,fishing_vessel
669,1562|1641|1563|1561|1578|1564,fishing_vessel
670,1563|1562|1641|1561|1640|1560,fishing_vessel
671,1640|1563|1562|1561|1641|1560,fishing_vessel
672,1562|1641|1563|1561|1560|1564,fishing_vessel
673,1640|1644|1563|1562|1561|1641,fishing_vessel
674,1562|1563|1641|1561|1564|1560,fishing_vessel
675,1563|1641|1562|1561|1564|1560,fishing_vessel
676,1644|1640|1642|1562|1563|1561,fishing_vessel
677,1644|1642|1640|1562|1563|1643,fishing_vessel
678,1644|1642|1640|1563|1562|1561,fishing_vessel
679,1562|1563|1642|1561|1640|1564,fishing_vessel
680,1597|1592|1596|1598|1588|1577,fishing_vessel
681,1597|1595|1599|1592|1596|1598,fishing_vessel
682,1595|1599|1598|1596|1590|1597,fishing_vessel
683,1595|1599|1597|1598|1596|1590,fishing_vessel
684,1597|1592|1596|1598|1588|1577,fishing_vessel
685,1592|1588|1589|1597|1583|1584,fishing_vessel
686,1581|1582|1580|1584|1583|1595,fishing_vessel
687,1581|1582|1595|1599|1584|1580,fishing_vessel
688,1588|1589|1597|1592|1583|1598,fishing_vessel
689,1588|1589|1597|1583|1592|1598,fishing_vessel
690,1581|1580|1582|1584|1583|1563,fishing_vessel
691,1581|1583|1580|1582|1584|1588,fishing_vessel
692,1584|1583|1582|1588|1581|1589,fishing_vessel
693,1583|1588|1589|1580|1584|1581,fishing_vessel
694,1583|1580|1581|1582|1584|1588,fishing_vessel
695,1583|1584|1582|1581|1580|1588,fishing_vessel
696,1583|1580|1588|1581|1582|1584,fishing_vessel
697,1581|1582|1580|1584|1583|1563,fishing_vessel
698,1581|1582|1584|1580|1583|1563,fishing_vessel
699,1583|1584|1582|1581|1580|1588,fishing_vessel
700,1577|1576|1575|1578|1579|1573,fishing_vessel
701,1577|1573|1570|1579|1578|1575,fishing_vessel
702,1577|1573|1578|1579|1575|1576,fishing_vessel
703,1578|1576|1575|1577|1579|1595,fishing_vessel
704,1577|1573|1578|1579|1575|1576,fishing_vessel
705,1577|1573|1570|1565|1564|1560,fishing_vessel
706,1577|1563|1578|1562|1561|1564,fishing_vessel
707,1577|1573|1565|1570|1566|1571,fishing_vessel
708,1577|1573|1565|1566|1570|1563,fishing_vessel
709,1577|1573|1578|1562|1564|1563,fishing_vessel
710,1577|1564|1573|1560|1563|1561,fishing_vessel
711,1577|1565|1573|1560|1563|1561,fishing_vessel
712,1564|1562|1560|1563|1561|1573,fishing_vessel
713,1577|1565|1573|1563|1562|1560,fishing_vessel
714,1562|1563|1561|1560|1564|1581,fishing_vessel
715,1564|1563|1562|1560|1561|1581,fishing_vessel
716,1562|1563|1561|1560|1564|1581,fishing_vessel
717,1563|1562|1561|1560|1564|1565,fishing_vessel
718,1562|1564|1560|1563|1561|1581,fishing_vessel
719,1564|1562|1563|1560|1561|1565,fishing_vessel
1080,1677|237|1199|717|1679|1678,fishing_vessel
1081,1677|237|1199|717|1679|1678,fishing_vessel
1082,1677|237|1199|717|239|238,fishing_vessel
1083,1677|237|1199|239|717|238,fishing_vessel
1084,237|1677|1679|1675|1678|238,fishing_vessel
1085,1677|237|222|223|221|1663,fishing_vessel
1086,1677|237|222|1667|1663|1660,fishing_vessel
1087,1677|237|222|1663|1667|1660,fishing_vessel
1088,1677|237|222|1663|1660|224,fishing_vessel
1089,1677|237|223|222|221|1660,fishing_vessel
1090,223|221|222|1660|1663|224,fishing_vessel
1091,1662|221|701|1664|1181|702,fishing_vessel
1092,1662|221|223|220|222|1661,fishing_vessel
1093,1662|221|1664|701|1181|702,fishing_vessel
1094,223|222|221|1662|1660|1663,fishing_vessel
1095,1662|221|223|1664|220|701,fishing_vessel
1096,1662|221|701|1664|1181|702,fishing_vessel
1097,222|223|1663|1660|224|221,fishing_vessel
1098,1662|221|223|1664|220|1661,fishing_vessel
1099,222|1663|1662|224|1660|1664,fishing_vessel
1100,216|219|696|1655|218|699,fishing_vessel
1101,1657|1659|1658|698|214|1677,fishing_vessel
1102,1657|1659|1658|217|215|219,fishing_vessel
1103,1657|1659|1658|214|698|218,fishing_vessel
1104,1657|1659|214|698|1658|218,fishing_vessel
1105,204|202|200|1641|216|1643,fishing_vessel
1106,201|1657|214|1659|1658|698,fishing_vessel
1107,204|202|1641|200|1640|216,fishing_vessel
1108,201|1657|218|200|204|202,fishing_vessel
1109,201|1644|1657|1640|1658|1659,fishing_vessel
1110,201|682|1163|1644|203|1642,fishing_vessel
1111,204|1640|1641|202|200|1643,fishing_vessel
1112,201|682|1644|203|1163|1642,fishing_vessel
1113,201|1642|200|682|202|203,fishing_vessel
1114,204|1641|202|1640|200|1643,fishing_vessel
1115,201|682|1644|1163|203|1642,fishing_vessel
1116,201|1644|682|1640|1162|203,fishing_vessel
1117,201|204|202|200|1641|1640,fishing_vessel
1118,204|1641|202|1640|200|1643,fishing_vessel
1119,201|1644|1640|204|1642|203,fishing_vessel
1120,158|1595|236|235|1678|1599,fishing_vessel
1121,1677|237|159|1597|1199|1118,fishing_vessel
1122,237|1677|1597|159|1199|1118,fishing_vessel
1123,237|1677|1597|159|1678|236,fishing_vessel
1124,158|1595|1599|717|1677|1678,fishing_vessel
1125,143|144|142|1662|1581|1580,fishing_vessel
1126,1677|237|1588|1592|1667|222,fishing_vessel
1127,1677|237|1592|180|223|1588,fishing_vessel
1128,144|143|236|235|1678|142,fishing_vessel
1129,1677|237|222|1588|159|1667,fishing_vessel
1130,180|222|141|223|1660|1663,fishing_vessel
1131,222|1663|1660|224|1583|180,fishing_vessel
1132,143|142|1581|221|141|1662,fishing_vessel
1133,222|180|1663|1660|223|1583,fishing_vessel
1134,222|1663|1660|1583|180|224,fishing_vessel
1135,143|1662|142|221|1581|141,fishing_vessel
1136,141|180|223|222|221|1660,fishing_vessel
1137,222|180|141|223|1660|1663,fishing_vessel
1138,143|142|1662|1581|144|221,fishing_vessel
1139,143|1662|144|142|1581|221,fishing_vessel
1140,218|1578|135|1657|216|1577,fishing_vessel
1141,1577|216|1657|1578|218|219,fishing_vessel
1142,1577|216|219|1657|135|136,fishing_vessel
1143,1577|1657|1658|137|1659|136,fishing_vessel
1144,1577|1657|137|1659|1619|1618,fishing_vessel
1145,124|204|202|200|1562|1563,fishing_vessel
1146,201|601|1657|1577|214|137,fishing_vessel
1147,201|1577|601|1657|137|1659,fishing_vessel
1148,201|1577|601|1657|120|137,fishing_vessel
1149,201|204|1640|1563|1562|1641,fishing_vessel
1150,201|124|200|204|202|1562,fishing_vessel
1151,124|204|1563|1562|1641|202,fishing_vessel
1152,201|601|120|122|1644|124,fishing_vessel
1153,201|601|120|1644|122|121,fishing_vessel
1154,201|601|120|1644|122|1640,fishing_vessel
1155,124|204|202|200|1562|1563,fishing_vessel
1156,201|124|200|1563|1562|202,fishing_vessel
1157,201|601|120|1644|122|1640,fishing_vessel
1158,201|601|120|1644|122|682,fishing_vessel
1159,124|1563|1562|204|202|1561,fishing_vessel
1160,1595|158|1599|155|156|157,fishing_vessel
1161,159|1595|1592|1597|1599|158,fishing_vessel
1162,158|1595|1599|155|156|157,fishing_vessel
1163,158|155|156|1599|1595|157,fishing_vessel
1164,159|1597|1118|1598|1596|1592,fishing_vessel
1165,143|142|1581|144|141|158,fishing_vessel
1166,143|142|1581|158|144|620,fishing_vessel
1167,143|142|141|1581|158|1582,fishing_vessel
1168,144|143|1580|142|1581|155,fishing_vessel
1169,143|144|142|1581|158|1580,fishing_vessel
1170,1583|1588|140|1589|1100|141,fishing_vessel
1171,143|142|1581|144|620|1582,fishing_vessel
1172,141|143|142|1582|1584|1581,fishing_vessel
1173,143|141|142|1581|1582|1584,fishing_vessel
1174,141|1583|143|142|1584|140,fishing_vessel
1175,141|143|1584|142|1582|1581,fishing_vessel
1176,143|142|141|1581|1582|144,fishing_vessel
1177,143|142|141|1581|1582|144,fishing_vessel
1178,143|141|142|1581|1582|1584,fishing_vessel
1179,143|144|142|1580|140|1581,fishing_vessel
1180,1577|137|1578|135|1575|1579,fishing_vessel
1181,1577|137|1096|1573|619|615,fishing_vessel
1182,1578|135|138|136|1576|1575,fishing_vessel
1183,1578|135|1577|137|1575|138,fishing_vessel
1184,1577|137|1096|1573|1578|619,fishing_vessel
1185,124|1577|601|137|1578|1563,fishing_vessel
1186,1577|601|120|137|122|609,fishing_vessel
1187,1563|1562|1561|123|124|1560,fishing_vessel
1188,1563|1562|1561|123|124|1560,fishing_vessel
1189,601|1577|137|1573|124|122,fishing_vessel
1190,601|120|122|124|1573|1564,fishing_vessel
1191,601|120|122|603|609|121,fishing_vessel
1192,601|120|122|124|1563|1562,fishing_vessel
1193,124|1563|1562|1561|123|1560,fishing_vessel
1194,601|120|122|124|1563|1564,fishing_vessel
1195,601|120|122|121|1563|603,fishing_vessel
1196,601|124|122|120|1564|123,fishing_vessel
1197,120|1563|601|1561|1562|121,fishing_vessel
1198,1563|1562|1561|123|124|1560,fishing_vessel
1199,1563|1562|1561|124|123|1560,fishing_vessel
1560,237|238|236|239|235|234,fishing_vessel
1561,237|238|234|236|239|235,fishing_vessel
1562,237|238|234|236|235|239,fishing_vessel
1563,237|234|238|239|236|235,fishing_vessel
1564,237|238|236|235|239|234,fishing_vessel
1565,221|236|235|239|238|223,fishing_vessel
1566,221|235|236|239|223|238,fishing_vessel
1567,237|222|223|221|224|201,fishing_vessel
1568,237|222|229|201|224|223,fishing_vessel
1569,237|222|223|229|224|201,fishing_vessel
1570,221|224|222|220|223|701,fishing_vessel
1571,221|223|220|222|224|701,fishing_vessel
1572,221|223|220|222|224|701,fishing_vessel
1573,221|701|204|220|223|224,fishing_vessel
1574,221|223|222|220|224|201,fishing_vessel
1575,222|224|223|221|220|201,fishing_vessel
1576,222|223|221|224|220|201,fishing_vessel
1577,221|223|220|701|204|224,fishing_vessel
1578,222|224|201|223|220|221,fishing_vessel
1579,222|224|223|221|220|201,fishing_vessel
1580,218|214|216|219|215|217,fishing_vessel
1581,214|215|217|218|237|698,fishing_vessel
1582,215|217|214|218|219|216,fishing_vessel
1583,218|216|219|217|215|210,fishing_vessel
1584,215|217|219|216|218|214,fishing_vessel
1585,201|214|203|698|237|215,fishing_vessel
1586,201|214|203|218|204|200,fishing_vessel
1587,201|214|218|200|202|203,fishing_vessel
1588,204|202|216|219|200|210,fishing_vessel
1589,204|202|216|200|219|210,fishing_vessel
1590,201|203|214|204|222|682,fishing_vessel
1591,201|203|200|202|204|214,fishing_vessel
1592,204|202|200|680|684|203,fishing_vessel
1593,204|202|200|201|203|221,fishing_vessel
1594,201|200|202|204|203|214,fishing_vessel
1595,201|203|204|202|200|222,fishing_vessel
1596,201|204|200|202|203|221,fishing_vessel
1597,204|202|200|203|201|680,fishing_vessel
1598,201|200|204|202|203|221,fishing_vessel
1599,201|203|204|202|200|222,fishing_vessel
1600,236|235|238|155|237|159,fishing_vessel
1601,237|158|159|239|236|235,fishing_vessel
1602,237|158|159|239|236|235,fishing_vessel
1603,237|159|158|239|238|236,fishing_vessel
1604,237|159|158|238|236|235,fishing_vessel
1605,237|222|180|159|223|224,fishing_vessel
1606,237|141|223|221|222|143,fishing_vessel
1607,143|144|142|236|235|158,fishing_vessel
1608,237|222|159|180|224|140,fishing_vessel
1609,143|144|142|158|236|235,fishing_vessel
1610,222|180|224|201|140|223,fishing_vessel
1611,222|180|224|140|201|223,fishing_vessel
1612,143|144|142|221|141|140,fishing_vessel
1613,222|140|224|144|180|201,fishing_vessel
1614,222|180|224|223|201|141,fishing_vessel
1615,143|142|221|141|144|223,fishing_vessel
1616,222|140|224|180|201|223,fishing_vessel
1617,222|141|223|180|221|143,fishing_vessel
1618,143|142|144|221|141|183,fishing_vessel
1619,143|142|144|221|184|141,fishing_vessel
1620,216|135|219|218|138|136,fishing_vessel
1621,137|218|216|214|135|219,fishing_vessel
1622,137|214|218|215|217|136,fishing_vessel
1623,218|216|137|219|135|138,fishing_vessel
1624,137|214|218|139|215|217,fishing_vessel
1625,201|214|137|120|601|122,fishing_vessel
1626,201|137|120|214|122|601,fishing_vessel
1627,204|124|202|123|216|219,fishing_vessel
1628,124|204|202|123|200|216,fishing_vessel
1629,201|137|214|124|218|122,fishing_vessel
1630,204|124|123|202|200|120,fishing_vessel
1631,201|120|601|122|121|203,fishing_vessel
1632,201|124|204|200|202|123,fishing_vessel
1633,201|124|122|200|120|601,fishing_vessel
1634,201|120|204|122|121|123,fishing_vessel
1635,201|120|204|124|123|202,fishing_vessel
1636,201|124|122|200|204|203,fishing_vessel
1637,201|124|204|202|123|120,fishing_vessel
1638,201|120|204|122|121|123,fishing_vessel
1639,204|123|202|124|200|121,fishing_vessel
1640,159|158|156|157|155|152,fishing_vessel
1641,159|158|155|156|152|157,fishing_vessel
1642,158|155|159|156|157|638,fishing_vessel
1643,159|158|155|157|156|152,fishing_vessel
1644,158|155|159|156|157|150,fishing_vessel
1645,141|159|143|142|140|152,fishing_vessel
1646,140|159|144|143|141|142,fishing_vessel
1647,144|140|143|159|142|155,fishing_vessel
1648,140|159|144|155|143|142,fishing_vessel
1649,141|159|142|140|152|143,fishing_vessel
1650,140|141|144|142|143|120,fishing_vessel
1651,143|141|142|144|140|620,fishing_vessel
1652,140|141|144|143|142|622,fishing_vessel
1653,143|142|141|144|140|620,fishing_vessel
1654,143|142|144|141|140|620,fishing_vessel
1655,141|143|142|140|144|622,fishing_vessel
1656,143|144|142|140|141|620,fishing_vessel
1657,143|144|142|141|620|140,fishing_vessel
1658,143|142|144|141|140|620,fishing_vessel
1659,143|144|142|141|140|620,fishing_vessel
1660,135|138|136|139|137|158,fishing_vessel
1661,137|138|136|135|139|619,fishing_vessel
1662,137|136|138|139|135|619,fishing_vessel
1663,135|138|136|137|139|133,fishing_vessel
1664,137|136|138|139|135|619,fishing_vessel
1665,120|137|122|601|121|123,fishing_vessel
1666,120|124|123|121|122|136,fishing_vessel
1667,124|123|135|136|138|143,fishing_vessel
1668,124|123|135|136|138|121,fishing_vessel
1669,124|123|135|121|122|137,fishing_vessel
1670,124|123|120|121|122|601,fishing_vessel
1671,124|120|122|601|123|121,fishing_vessel
1672,124|123|121|120|122|143,fishing_vessel
1673,601|120|124|122|123|121,fishing_vessel
1674,120|121|123|122|124|601,fishing_vessel
1675,124|120|122|601|123|121,fishing_vessel
1676,124|123|120|122|121|601,fishing_vessel
1677,124|123|121|143|600|120,fishing_vessel
1678,120|601|122|124|123|121,fishing_vessel
1679,124|123|120|122|121|601,fishing_vessel
0,1557|1537|1556|1559|1555|1558,small_craft
1,1557|1559|1558|1555|1556|1537,small_craft
2,1557|1537|1555|1556|1559|1558,small_craft
3,1557|1537|1559|1555|1558|1556,small_craft
4,1555|1556|1558|1559|1557|1538,small_craft
5,1540|1542|1541|1543|1544|1522,small_craft
6,1540|1542|1544|1541|1543|1522,small_craft
7,1542|1544|1540|1541|1543|1522,small_craft
8,1541|1543|1542|1540|1544|1523,small_craft
9,1542|1541|1543|1540|1544|1523,small_craft
10,1540|1541|1542|1544|1543|1522,small_craft
11,1540|1544|1542|1541|1543|1522,small_craft
12,1540|1544|1542|1541|1522|1543,small_craft
13,1544|1540|1542|1541|1522|1543,small_craft
14,1540|1542|1541|1543|1544|1522,small_craft
15,1544|1540|1542|1543|1541|1522,small_craft
16,1540|1542|1541|1544|1522|1543,small_craft
17,1544|1540|1542|1543|1541|1522,small_craft
18,1540|1544|1542|1541|1543|1522,small_craft
19,1544|1540|1542|1541|1543|1522,small_craft
20,1538|1535|1536|1537|1539|1557,small_craft
21,1538|1535|1536|1539|1532|1530,small_craft
22,1538|1536|1539|1532|1535|1537,small_craft
23,1537|1538|1535|1539|1536|1532,small_craft
24,1537|1535|1538|1557|1536|1531,small_craft
25,1523|1522|1524|1521|1520|1542,small_craft
26,1522|1521|1523|1520|1544|1540,small_craft
27,1522|1523|1521|1520|1524|1540,small_craft
28,1522|1523|1521|1520|1524|1540,small_craft
29,1522|1523|1521|1520|1524|1540,small_craft
30,1522|1523|1524|1521|1520|1540,small_craft
31,1522|1523|1520|1521|1524|1540,small_craft
32,1523|1524|1522|1521|1520|1542,small_craft
33,1522|1520|1521|1523|1524|1540,small_craft
34,1523|1524|1522|1521|1520|1541,small_craft
35,1522|1523|1521|1520|1524|1540,small_craft
36,1522|1523|1521|1524|1520|1540,small_craft
37,1523|1522|1524|1521|1520|1541,small_craft
38,1522|1523|1521|1524|1520|1544,small_craft
39,1522|1523|1524|1521|1520|1540,small_craft
40,1557|1537|1476|1516|1554|1555,small_craft
41,1557|1555|1556|1558|1479|1475,small_craft
42,1555|1556|1475|1479|1557|1477,small_craft
43,1555|1557|1556|1479|1475|1558,small_craft
44,1557|1555|1556|1476|1537|1479,small_craft
45,1460|1463|1543|1541|1461|1542,small_craft
46,1460|1461|1463|1541|1543|1464,small_craft
47,1544|1462|1540|1500|1542|1464,small_craft
48,1540|1460|1542|1544|1462|1500,small_craft
49,1460|1541|1463|1461|1543|1542,small_craft
50,1460|1461|1541|1543|1463|1542,small_craft
51,1540|1462|1542|1461|1460|1541,small_craft
52,1544|1462|1460|1464|1461|1540,small_craft
53,1462|1540|1544|1500|1542|1460,small_craft
54,1544|1540|1462|1500|1542|1460,small_craft
55,1462|1544|1540|1461|1464|1500,small_craft
56,1462|1544|1540|1500|1464|1444,small_craft
57,1462|1540|1544|1500|1444|1464,small_craft
58,1540|1462|1542|1500|1544|1461,small_craft
59,1462|1540|1544|1461|1464|1500,small_craft
60,1537|1535|1538|1457|1539|1536,small_craft
61,1538|1537|1535|1536|1539|1455,small_craft
62,1538|1539|1536|1537|1455|1535,small_craft
63,1537|1535|1538|1536|1457|1539,small_craft
64,1538|1536|1535|1455|1539|1532,small_craft
65,1441|1522|1444|1440|1523|1443,small_craft
66,1444|1441|1522|1442|1443|1523,small_craft
67,1442|1444|1441|1522|1523|1480,small_craft
68,1442|1444|1440|1441|1522|1443,small_craft
69,1460|1440|1484|1524|1442|1523,small_craft
70,1441|1522|1444|1440|1523|1443,small_craft
71,1440|1523|1522|1441|1442|1524,small_craft
72,1440|1443|1524|1523|1441|1444,small_craft
73,1442|1444|1441|1522|1480|1521,small_craft
74,1440|1460|1524|1443|1484|1442,small_craft
75,1444|1441|1522|1443|1442|1520,small_craft
76,1440|1524|1460|1523|1443|1484,small_craft
77,1444|1441|1442|1522|1521|1523,small_craft
78,1440|1523|1460|1524|1484|1442,small_craft
79,1440|1443|1524|1523|1460|1441,small_craft
80,1477|1475|1472|1476|1479|1478,small_craft
81,1479|1475|1477|1478|1476|1472,small_craft
82,1475|1478|1477|1479|1472|1476,small_craft
83,1478|1475|1477|1476|1479|1457,small_craft
84,1476|1457|1478|1477|1459|1452,small_craft
85,1460|1461|1463|1464|1440|1443,small_craft
86,1460|1463|1461|1462|1464|1440,small_craft
87,1462|1444|1461|1441|1464|1442,small_craft
88,1460|1463|1462|1461|1464|1442,small_craft
89,1462|1460|1464|1442|1463|1461,small_craft
90,1462|1460|1461|1441|1444|1463,small_craft
91,1460|1461|1462|1463|1440|1464,small_craft
92,1461|1462|1460|1441|1463|1464,small_craft
93,1460|1463|1461|1462|1464|1442,small_craft
94,1462|1461|1460|1441|1444|1464,small_craft
95,1460|1462|1463|1461|1442|1464,small_craft
96,1460|1461|1463|1462|1464|1440,small_craft
97,1460|1463|1461|1462|1464|1440,small_craft
98,1460|1462|1461|1463|1464|1442,small_craft
99,1460|1463|1461|1464|1462|1440,small_craft
100,1457|1452|1458|1459|1451|1456,small_craft
101,1457|1459|1458|1452|1456|1455,small_craft
102,1457|1458|1459|1452|1451|1455,small_craft
103,1457|1459|1458|1452|1456|1451,small_craft
104,1457|1459|1456|1455|1458|1450,small_craft
105,1441|1444|1440|1442|1443|1461,small_craft
106,1444|1441|1443|1442|1440|1462,small_craft
107,1440|1460|1443|1442|1463|1441,small_craft
108,1440|1460|1443|1442|1463|1441,small_craft
109,1444|1441|1442|1440|1443|1462,small_craft
110,1440|1441|1443|1444|1442|1460,small_craft
111,1442|1441|1444|1440|1443|1460,small_craft
112,1441|1444|1440|1442|1443|1461,small_craft
113,1444|1442|1441|1440|1443|1462,small_craft
114,1442|1444|1441|1440|1460|1443,small_craft
115,1440|1460|1442|1443|1441|1444,small_craft
116,1440|1441|1443|1444|1442|1460,small_craft
117,1440|1443|1441|1444|1442|1461,small_craft
118,1440|1460|1443|1442|1441|1444,small_craft
119,1444|1441|1442|1440|1443|1462,small_craft
480,1557|1555|1556|1537|1535|1554,small_craft
481,1557|1537|1554|1548|1535|1559,small_craft
482,1557|1537|1535|1554|1555|1556,small_craft
483,1557|1537|1559|1558|1555|1556,small_craft
484,1557|1537|1554|1535|1548|1559,small_craft
485,1542|1544|1540|1541|1543|1522,small_craft
486,1540|1542|1544|1522|1541|1543,small_craft
487,1542|1541|1543|1544|1540|1523,small_craft
488,1541|1540|1543|1542|1544|1522,small_craft
489,1542|1541|1543|1540|1544|1523,small_craft
490,1544|1543|1540|1541|1542|1520,small_craft
491,1544|1540|1542|1541|1543|1522,small_craft
492,1540|1544|1542|1522|1541|1543,small_craft
493,1541|1543|1542|1544|1540|1523,small_craft
494,1540|1544|1542|1541|1543|1522,small_craft
495,1542|1540|1544|1541|1543|1522,small_craft
496,1540|1542|1541|1544|1522|1543,small_craft
497,1540|1542|1544|1541|1543|1522,small_craft
498,1544|1540|1542|1064|1541|1543,small_craft
499,1544|1540|1542|1541|1543|1522,small_craft
500,1535|1538|1537|1536|1539|1532,small_craft
501,1537|1535|1538|1557|1536|1539,small_craft
502,1538|1535|1536|1537|1539|1058,small_craft
503,1537|1535|1538|1557|1536|1539,small_craft
504,1537|1535|1538|1557|1536|1539,small_craft
505,1522|1521|1520|1523|1544|1524,small_craft
506,1522|1521|1520|1523|1544|1540,small_craft
507,1522|1523|1521|1520|1540|1524,small_craft
508,1524|1523|1522|1520|1521|1541,small_craft
509,1522|1521|1520|1523|1524|1544,small_craft
510,1522|1521|1520|1523|1524|1544,small_craft
511,1522|1523|1521|1520|1524|1544,small_craft
512,1520|1521|1522|1524|1523|1544,small_craft
513,1522|1521|1523|1520|1524|1544,small_craft
514,1524|1523|1522|1520|1541|1521,small_craft
515,1522|1523|1521|1520|1524|1540,small_craft
516,1523|1522|1524|1521|1520|1541,small_craft
517,1524|1523|1541|1522|1543|1520,small_craft
518,1524|1523|1520|1522|1521|1541,small_craft
519,1523|1522|1524|1521|1520|1541,small_craft
520,1557|1555|1556|1519|1477|1475,small_craft
521,1557|1537|1559|1476|1516|1558,small_craft
522,1557|1555|1556|1475|1479|1477,small_craft
523,1557|1537|1516|1554|1476|1535,small_craft
524,1557|1558|1559|1516|1537|1478,small_craft
525,1460|1461|1541|1543|1463|1542,small_craft
526,1462|1540|1461|1544|1500|1542,small_craft
527,1460|1461|1540|1541|1542|1462,small_craft
528,1462|1544|1540|1500|1464|1461,small_craft
529,1461|1542|1460|1541|1540|1543,small_craft
530,1460|1463|1544|1543|1541|1542,small_craft
531,1460|1463|1543|1541|1461|1464,small_craft
532,1460|1544|1463|1464|1462|1543,small_craft
533,1460|1463|1543|1541|1542|1461,small_craft
534,1544|1462|1540|1464|1460|1500,small_craft
535,1460|1461|1541|1543|1463|1542,small_craft
536,1461|1540|1462|1460|1541|1544,small_craft
537,1460|1463|1543|1541|1461|1542,small_craft
538,1460|1544|1542|1540|1462|1463,small_craft
539,1462|1544|1540|1500|1542|1460,small_craft
540,1535|1538|1537|1536|1539|1455,small_craft
541,1537|1535|1538|1497|1539|1457,small_craft
542,1535|1537|1538|1457|1536|1539,small_craft
543,1538|1535|1536|1539|1455|1532,small_craft
544,1537|1497|1535|1457|1538|1458,small_craft
545,1442|1444|1441|1522|1443|1520,small_craft
546,1442|1440|1523|1522|1444|1441,small_craft
547,1442|1444|1441|1522|1521|1480,small_craft
548,1442|1444|1441|1522|1523|1521,small_craft
549,1444|1441|1522|1442|1523|1480,small_craft
550,1442|1444|1441|1520|1522|1521,small_craft
551,1440|1523|1522|1441|1444|1442,small_craft
552,1440|1523|1442|1522|1441|1444,small_craft
553,1442|1444|1441|1522|1480|1521,small_craft
554,1442|1444|1441|1522|1523|1440,small_craft
555,1460|1440|1484|1524|1443|1442,small_craft
556,1444|1441|1522|1442|1523|1440,small_craft
557,1442|1440|1523|1444|1441|1522,small_craft
558,1442|1460|1440|1443|1524|1444,small_craft
559,1444|1441|1442|1522|1443|1520,small_craft
560,1476|1479|1475|1477|1478|1473,small_craft
561,1476|1479|1473|1475|1477|1478,small_craft
562,1476|1478|1477|1475|1472|1479,small_craft
563,1479|1475|1477|1476|1478|1472,small_craft
564,1479|1475|1477|1478|1476|1472,small_craft
565,1462|1444|1441|1464|1461|1442,small_craft
566,1460|1463|1461|1464|1462|1440,small_craft
567,1462|1461|1441|1460|1444|1464,small_craft
568,1460|1462|1461|1463|1464|1444,small_craft
569,1460|1462|1463|1442|1461|1464,small_craft
570,1460|1461|1463|1464|1440|1462,small_craft
571,1462|1461|1444|1441|1464|1460,small_craft
572,1460|1463|1461|1464|1462|1440,small_craft
573,1460|1461|1463|1462|1464|1440,small_craft
574,1462|1461|1444|1441|1464|1442,small_craft
575,1460|1463|1461|1462|1464|1442,small_craft
576,1460|1462|1463|1461|1464|1442,small_craft
577,1460|1461|1463|1440|1462|1464,small_craft
578,1462|1464|1444|1460|1461|1442,small_craft
579,1461|1460|1463|1462|1440|1464,small_craft
580,1455|1459|1457|1456|1477|1475,small_craft
581,1455|1457|1459|1456|1458|1477,small_craft
582,1455|1456|1459|1475|1457|1478,small_craft
583,1455|1458|1451|1457|1456|1459,small_craft
584,1455|1457|1458|1459|1451|1456,small_craft
585,1442|1441|1440|1444|1443|1460,small_craft
586,1441|1444|1442|1440|1443|1462,small_craft
587,1440|1443|1460|1441|1461|1463,small_craft
588,1440|1441|1443|1444|1442|1461,small_craft
589,1442|1440|1460|1444|1441|1443,small_craft
590,1442|1444|1441|1440|1443|1462,small_craft
591,1444|1441|1442|1443|1440|1462,small_craft
592,1442|1444|1441|1440|1443|1460,small_craft
593,1442|1444|1440|1460|1441|1443,small_craft
594,1440|1441|1444|1442|1443|1460,small_craft
595,1440|1441|1443|1444|1442|1461,small_craft
596,1444|1441|1442|1443|1440|1462,small_craft
597,1444|1441|1442|1440|1443|1462,small_craft
598,1440|1443|1460|1441|1442|1444,small_craft
599,1442|1444|1441|1440|1443|1462,small_craft
960,1557|118|115|117|116|598,small_craft
961,1555|596|1556|119|1558|1557,small_craft
962,1557|118|1555|599|1556|115,small_craft
963,1557|118|1555|1556|596|117,small_craft
964,1557|118|115|116|1537|598,small_craft
965,100|101|103|1543|1541|1542,small_craft
966,1540|583|1544|580|102|104,small_craft
967,100|103|1542|1541|1543|101,small_craft
968,100|101|103|1543|1541|1542,small_craft
969,1542|1544|582|1540|580|1064,small_craft
970,1541|100|1543|103|1062|104,small_craft
971,100|1541|103|1543|1542|104,small_craft
972,580|1544|1064|1540|582|581,small_craft
973,580|1544|1540|582|1064|581,small_craft
974,580|1544|1540|582|1064|581,small_craft
975,580|1544|1064|1540|581|582,small_craft
976,1544|580|100|101|581|1064,small_craft
977,100|1542|103|101|1541|1544,small_craft
978,580|1544|1540|583|582|581,small_craft
979,1540|1544|580|582|583|581,small_craft
980,1537|1535|97|99|95|96,small_craft
981,1537|97|1535|96|95|579,small_craft
982,1537|1535|99|575|1058|97,small_craft
983,1537|1535|99|97|575|1557,small_craft
984,1535|1537|95|1538|1536|97,small_craft
985,561|1523|1524|84|560|1522,small_craft
986,84|1523|83|1524|561|1522,small_craft
987,82|1522|80|84|1521|83,small_craft
988,1522|1523|82|83|84|81,small_craft
989,84|561|1524|1523|83|560,small_craft
990,1522|82|1523|81|1521|1520,small_craft
991,1522|1523|561|82|1524|81,small_craft
992,84|83|1523|1524|82|1522,small_craft
993,82|1522|1523|83|84|1521,small_craft
994,84|80|83|82|562|1520,small_craft
995,84|1524|561|83|100|560,small_craft
996,84|1523|83|1522|1524|82,small_craft
997,82|1522|83|1523|84|1521,small_craft
998,84|1523|1524|561|83|560,small_craft
999,82|1522|83|1523|84|1521,small_craft
1000,1557|118|115|517|598|116,small_craft
1001,118|117|517|1557|115|598,small_craft
1002,1557|1555|118|1556|119|599,small_craft
1003,1557|118|115|117|1559|1558,small_craft
1004,118|117|517|1557|598|115,small_craft
1005,21|20|580|1544|502|581,small_craft
1006,1461|1460|1541|100|981|1543,small_craft
1007,21|1540|1462|104|582|1542,small_craft
1008,1460|21|20|24|1463|100,small_craft
1009,21|22|1462|23|583|1461,small_craft
1010,21|20|580|1544|1462|1540,small_craft
1011,21|1540|1462|582|22|4,small_craft
1012,1460|100|24|1463|101|21,small_craft
1013,1460|21|100|1542|103|1463,small_craft
1014,21|1540|1462|582|1542|1500,small_craft
1015,21|1540|1542|1462|582|20,small_craft
1016,1460|21|1542|20|103|1463,small_craft
1017,21|1540|1462|582|1542|1544,small_craft
1018,1460|100|1463|103|24|1541,small_craft
1019,21|20|1460|1544|1542|582,small_craft
1020,1537|1538|1058|1535|1536|1539,small_craft
1021,1537|1058|1535|1538|99|1539,small_craft
1022,1537|1535|1058|99|1538|1457,small_craft
1023,1537|99|537|1457|1535|1058,small_craft
1024,1537|1535|537|97|1457|95,small_craft
1025,1442|4|82|1444|84|1441,small_craft
1026,4|1441|1444|1522|82|1523,small_craft
1027,84|484|1440|481|2|561,small_craft
1028,4|1444|1441|82|1442|1522,small_craft
1029,4|1444|1441|1442|82|1522,small_craft
1030,1440|561|484|1524|1443|84,small_craft
1031,4|82|1442|1444|1441|1522,small_craft
1032,84|484|481|2|1460|3,small_craft
1033,4|1442|84|1444|82|1441,small_craft
1034,84|484|1440|83|481|1460,small_craft
1035,1440|1523|1441|1522|4|1443,small_craft
1036,1442|80|1444|4|480|2,small_craft
1037,84|484|1440|1442|83|1523,small_craft
1038,1442|4|82|1444|1441|80,small_craft
1039,1440|561|1443|1524|84|484,small_craft
1040,517|39|1476|1479|35|518,small_craft
1041,517|995|1476|37|39|518,small_craft
1042,1477|1472|1475|38|1478|1476,small_craft
1043,1476|38|1477|1472|1475|995,small_craft
1044,38|1476|1477|1478|37|995,small_craft
1045,1460|1463|24|1461|983|23,small_craft
1046,21|20|1462|1460|502|22,small_craft
1047,1460|1463|24|1461|983|484,small_craft
1048,21|20|1462|502|1460|22,small_craft
1049,21|22|1462|20|23|1464,small_craft
1050,21|20|1460|1462|502|22,small_craft
1051,21|22|1462|1461|23|20,small_craft
1052,21|20|1462|502|1460|22,small_craft
1053,21|1462|20|22|502|4,small_craft
1054,1461|21|22|1462|1460|23,small_craft
1055,21|1460|20|24|1462|22,small_craft
1056,1461|1460|21|981|1462|22,small_craft
1057,1460|1463|24|1461|981|23,small_craft
1058,21|20|502|1462|22|24,small_craft
1059,21|1461|1460|1462|22|20,small_craft
1060,1457|1459|1458|1452|15|19,small_craft
1061,1457|1459|1458|1452|1456|18,small_craft
1062,1457|1451|1458|1459|970|1452,small_craft
1063,1455|18|15|17|16|1457,small_craft
1064,498|17|18|1455|15|975,small_craft
1065,1440|1443|3|484|2|481,small_craft
1066,4|1444|1442|1441|21|1440,small_craft
1067,484|1440|481|2|1460|3,small_craft
1068,4|1441|1444|1442|1440|1,small_craft
1069,4|1444|1442|1441|1440|21,small_craft
1070,484|481|2|1440|3|1460,small_craft
1071,484|1440|481|2|3|1460,small_craft
1072,4|1444|1442|1441|1443|21,small_craft
1073,4|1441|1442|1444|1440|1,small_craft
1074,1440|484|1442|4|1441|1444,small_craft
1075,4|1444|1441|1442|1443|2,small_craft
1076,1440|484|481|3|2|1443,small_craft
1077,4|1444|1441|1442|1443|1440,small_craft
1078,1442|4|1444|1441|21|1440,small_craft
1079,484|1442|1440|481|1460|0,small_craft
1440,118|115|116|117|598|595,small_craft
1441,119|596|116|115|118|599,small_craft
1442,119|599|118|114|115|95,small_craft
1443,118|117|115|116|119|596,small_craft
1444,119|599|596|113|597|116,small_craft
1445,103|100|104|102|101|84,small_craft
1446,100|102|101|104|103|583,small_craft
1447,104|102|103|580|100|582,small_craft
1448,100|101|103|102|84|104,small_craft
1449,104|582|82|580|102|583,small_craft
1450,104|103|100|102|101|82,small_craft
1451,100|102|103|104|101|583,small_craft
1452,100|101|103|102|84|104,small_craft
1453,104|103|102|100|582|82,small_craft
1454,104|103|100|101|580|102,small_craft
1455,580|104|102|582|583|82,small_craft
1456,103|104|100|101|102|582,small_craft
1457,100|101|103|102|84|104,small_craft
1458,100|102|103|101|104|84,small_craft
1459,100|103|101|102|104|84,small_craft
1460,99|97|95|96|118|575,small_craft
1461,97|99|96|95|98|579,small_craft
1462,95|98|97|99|578|96,small_craft
1463,99|97|95|96|98|118,small_craft
1464,99|95|98|97|96|575,small_craft
1465,82|81|83|80|84|563,small_craft
1466,84|561|83|81|560|100,small_craft
1467,80|82|81|84|561|563,small_craft
1468,84|83|561|81|560|82,small_craft
1469,84|83|82|81|80|561,small_craft
1470,84|83|82|81|80|561,small_craft
1471,82|83|84|81|80|561,small_craft
1472,82|80|84|81|83|580,small_craft
1473,84|83|561|81|82|80,small_craft
1474,82|84|81|83|80|561,small_craft
1475,82|80|81|83|84|563,small_craft
1476,84|83|80|82|81|561,small_craft
1477,82|80|81|83|84|563,small_craft
1478,82|83|84|81|80|562,small_craft
1479,82|81|80|83|563|84,small_craft
1480,119|35|599|36|39|113,small_craft
1481,119|35|118|115|39|117,small_craft
1482,118|117|115|116|119|39,small_craft
1483,35|118|39|115|119|36,small_craft
1484,118|115|116|117|37|555,small_craft
1485,21|20|22|580|502|24,small_craft
1486,21|20|580|22|502|582,small_craft
1487,21|20|22|24|104|23,small_craft
1488,21|20|22|580|4|582,small_craft
1489,100|103|24|21|102|23,small_craft
1490,21|20|22|24|580|23,small_craft
1491,103|24|100|21|101|20,small_craft
1492,21|20|22|4|582|580,small_craft
1493,100|103|24|102|101|104,small_craft
1494,100|103|104|102|23|22,small_craft
1495,104|21|103|22|100|102,small_craft
1496,100|103|24|101|102|104,small_craft
1497,100|103|102|104|23|24,small_craft
1498,100|21|103|24|101|20,small_craft
1499,21|104|103|100|20|22,small_craft
1500,95|18|17|15|98|16,small_craft
1501,15|99|17|98|16|55,small_craft
1502,99|97|95|96|98|16,small_craft
1503,15|17|99|98|95|16,small_craft
1504,95|18|17|98|15|16,small_craft
1505,84|83|82|4|484|0,small_craft
1506,4|82|21|80|83|84,small_craft
1507,4|82|84|80|83|2,small_craft
1508,2|3|84|0|561|1,small_craft
1509,4|82|21|83|80|84,small_craft
1510,84|83|2|4|0|82,small_craft
1511,4|82|80|21|84|20,small_craft
1512,4|82|81|42|21|83,small_craft
1513,84|484|2|3|0|481,small_craft
1514,84|83|82|484|4|0,small_craft
1515,4|82|83|81|1|3,small_craft
1516,84|484|3|2|83|0,small_craft
1517,84|83|484|82|0|80,small_craft
1518,4|82|83|84|21|80,small_craft
1519,4|82|84|80|83|21,small_craft
1520,35|39|37|38|36|33,small_craft
1521,35|39|36|37|38|33,small_craft
1522,35|39|36|37|515|33,small_craft
1523,35|39|36|37|38|517,small_craft
1524,39|517|37|35|36|38,small_craft
1525,21|20|24|22|23|502,small_craft
1526,23|22|21|24|20|4,small_craft
1527,21|20|24|22|23|4,small_craft
1528,21|22|20|4|23|24,small_craft
1529,21|20|24|22|23|502,small_craft
1530,21|20|22|24|23|502,small_craft
1531,21|24|20|23|22|502,small_craft
1532,21|22|4|20|23|502,small_craft
1533,21|20|22|23|24|4,small_craft
1534,21|20|24|22|23|502,small_craft
1535,21|24|20|22|502|23,small_craft
1536,21|20|22|23|4|24,small_craft
1537,24|23|20|503|484|21,small_craft
1538,21|20|22|24|502|23,small_craft
1539,21|22|20|23|4|24,small_craft
1540,18|16|17|15|19|498,small_craft
1541,16|18|19|15|14|17,small_craft
1542,18|16|19|14|15|17,small_craft
1543,16|18|15|19|17|14,small_craft
1544,17|15|18|19|498|16,small_craft
1545,4|1|2|0|3|21,small_craft
1546,4|21|1|0|2|3,small_craft
1547,3|2|1|0|4|484,small_craft
1548,2|3|0|484|1|481,small_craft
1549,484|2|0|3|481|1,small_craft
1550,4|1|2|3|21|0,small_craft
1551,4|1|0|2|3|21,small_craft
1552,4|484|3|0|1|2,small_craft
1553,4|2|0|1|3|484,small_craft
1554,484|2|0|3|481|1,small_craft
1555,4|21|2|3|1|0,small_craft
1556,4|21|2|1|3|0,small_craft
1557,484|0|2|3|4|481,small_craft
1558,4|1|3|2|0|21,small_craft
1559,4|1|3|2|0|484,small_craft
360,1918|1919|1916|1915|1917|1914,tanker
361,1918|1915|1916|1917|1919|1911,tanker
362,1919|1914|1910|1913|1917|1912,tanker
363,1918|1915|1916|1917|1919|1911,tanker
364,1918|1915|1916|1917|1919|1911,tanker
365,1903|1919|1914|1904|1901|1902,tanker
366,1918|1915|1900|1916|1917|1904,tanker
367,1903|1919|1914|1904|1901|1902,tanker
368,1903|1919|1918|1904|1901|1902,tanker
369,1918|1904|1915|1900|1916|1903,tanker
370,1904|1900|1903|1902|1901|1918,tanker
371,1903|1904|1902|1901|1883|1900,tanker
372,1900|1904|1903|1901|1902|1918,tanker
373,1903|1901|1904|1902|1883|1919,tanker
374,1903|1901|1904|1902|1900|1883,tanker
375,1900|1901|1904|1902|1903|1918,tanker
376,1900|1901|1903|1904|1902|1883,tanker
377,1900|1904|1901|1902|1903|1918,tanker
378,1903|1904|1901|1902|1883|1882,tanker
379,1903|1904|1901|1902|1900|1883,tanker
380,1894|1895|1918|1899|1896|1898,tanker
381,1894|1895|1918|1897|1898|1899,tanker
382,1895|1894|1897|1899|1896|1898,tanker
383,1895|1894|1899|1897|1896|1918,tanker
384,1897|1899|1895|1896|1898|1894,tanker
385,1883|1882|1893|1897|1899|1892,tanker
386,1894|1918|1895|1884|1899|1881,tanker
387,1894|1895|1884|1918|1897|1882,tanker
388,1883|1899|1882|1894|1895|1881,tanker
389,1894|1882|1883|1895|1897|1884,tanker
390,1883|1882|1881|1880|1884|1903,tanker
391,1881|1884|1880|1882|1883|1894,tanker
392,1894|1884|1880|1881|1889|1900,tanker
393,1881|1884|1880|1894|1883|1882,tanker
394,1883|1882|1881|1880|1884|1904,tanker
395,1882|1883|1881|1884|1880|1900,tanker
396,1884|1880|1881|1882|1883|1900,tanker
397,1883|1882|1881|1880|1884|1903,tanker
398,1883|1882|1881|1880|1884|1903,tanker
399,1883|1882|1881|1903|1880|1884,tanker
400,1918|1879|1915|1838|1916|1839,tanker
401,1918|1915|1879|1838|1916|1839,tanker
402,1918|1915|1916|1838|1836|1919,tanker
403,1918|1915|1879|1838|1916|1839,tanker
404,1918|1879|1915|1838|1839|1916,tanker
405,1903|1919|1820|1914|1904|1901,tanker
406,1918|1915|1900|1904|1916|1836,tanker
407,1918|1915|1901|1838|1903|1900,tanker
408,1918|1903|1919|1904|1820|1837,tanker
409,1918|1915|1900|1838|1821|1901,tanker
410,1904|1903|1900|1823|1902|1820,tanker
411,1900|1823|1918|1821|1904|1860,tanker
412,1903|1904|1820|1902|1901|1823,tanker
413,1901|1903|1820|1822|1821|1900,tanker
414,1903|1820|1904|1901|1863|1902,tanker
415,1903|1904|1820|1901|1902|1863,tanker
416,1901|1822|1821|1900|1820|1903,tanker
417,1900|1821|1822|1823|1901|1824,tanker
418,1904|1900|1903|1823|1820|1902,tanker
419,1903|1904|1820|1900|1901|1823,tanker
420,1818|1815|1816|1819|1893|1857,tanker
421,1895|1894|1899|1918|1896|1817,tanker
422,1894|1895|1918|1858|1898|1897,tanker
423,1894|1895|1918|1899|1858|1896,tanker
424,1818|1815|1816|1819|1897|1899,tanker
425,1882|1883|1818|1815|1894|1801,tanker
426,1894|1801|1842|1810|1882|1895,tanker
427,1801|1899|1894|1818|1816|1895,tanker
428,1818|1883|1882|1815|1816|1802,tanker
429,1818|1883|1815|1882|1816|1819,tanker
430,1801|1842|1800|1884|1881|1880,tanker
431,1883|1804|1882|1802|1881|1818,tanker
432,1882|1883|1801|1842|1803|1802,tanker
433,1883|1882|1802|1804|1881|1801,tanker
434,1801|1842|1800|1884|1803|1882,tanker
435,1882|1883|1801|1842|1803|1800,tanker
436,1801|1842|1882|1883|1800|1884,tanker
437,1801|1842|1882|1803|1883|1800,tanker
438,1801|1842|1882|1800|1803|1884,tanker
439,1801|1842|1800|1803|1884|1881,tanker
440,1837|1835|1818|1836|1830|1839,tanker
441,1838|1839|1836|1837|1835|1828,tanker
442,1837|1836|1830|1835|1818|1839,tanker
443,1837|1836|1838|1835|1839|1830,tanker
444,1838|1839|1837|1835|1836|1828,tanker
445,1836|1823|1830|1838|1837|1820,tanker
446,1838|1836|1823|1820|1821|1822,tanker
447,1838|1823|1836|1821|1828|1839,tanker
448,1838|1823|1828|1836|1821|1824,tanker
449,1838|1823|1836|1821|1828|1839,tanker
450,1820|1823|1822|1821|1824|1826,tanker
451,1822|1820|1821|1824|1823|1828,tanker
452,1821|1823|1822|1824|1820|1828,tanker
453,1823|1821|1824|1822|1820|1828,tanker
454,1823|1821|1824|1822|1820|1828,tanker
455,1820|1822|1824|1823|1821|1802,tanker
456,1821|1823|1824|1822|1820|1801,tanker
457,1820|1822|1823|1824|1821|1804,tanker
458,1820|1822|1824|1823|1821|1827,tanker
459,1820|1823|1822|1821|1824|1826,tanker
460,1817|1810|1819|1814|1838|1816,tanker
461,1818|1815|1816|1819|1817|1810,tanker
462,1818|1816|1815|1819|1817|1813,tanker
463,1818|1815|1816|1819|1817|1810,tanker
464,1818|1815|1816|1819|1817|1810,tanker
465,1818|1801|1816|1815|1819|1817,tanker
466,1801|1818|1815|1810|1803|1800,tanker
467,1818|1815|1816|1802|1819|1804,tanker
468,1818|1815|1816|1819|1802|1804,tanker
469,1818|1815|1816|1819|1804|1802,tanker
470,1802|1804|1818|1803|1801|1800,tanker
471,1801|1800|1803|1804|1806|1802,tanker
472,1801|1803|1800|1802|1804|1810,tanker
473,1801|1800|1804|1802|1803|1806,tanker
474,1801|1800|1804|1802|1803|1806,tanker
475,1801|1800|1803|1802|1804|1806,tanker
476,1801|1804|1800|1802|1803|1822,tanker
477,1802|1804|1803|1800|1801|1820,tanker
478,1802|1804|1801|1803|1800|1820,tanker
479,1802|1804|1801|1803|1800|1820,tanker
840,1918|1915|1916|1919|1917|1911,tanker
841,1918|1915|1916|1919|1917|1914,tanker
842,1918|1915|1916|1917|1919|1911,tanker
843,1919|1914|1918|1916|1917|1915,tanker
844,1918|1915|1916|1917|1919|1894,tanker
845,1918|1915|1900|1916|1917|1901,tanker
846,1918|1915|1900|1901|1916|1917,tanker
847,1904|1918|1903|1919|1914|1916,tanker
848,1918|1903|1919|1901|1904|1915,tanker
849,1918|1915|1900|1916|1904|1917,tanker
850,1900|1918|1904|1901|1902|1903,tanker
851,1904|1903|1900|1902|1901|1883,tanker
852,1900|1901|1918|1903|1902|1904,tanker
853,1901|1903|1900|1902|1904|1918,tanker
854,1904|1903|1900|1901|1902|1883,tanker
855,1903|1901|1900|1904|1902|1883,tanker
856,1904|1903|1900|1902|1901|1883,tanker
857,1903|1904|1901|1902|1900|1883,tanker
858,1903|1901|1904|1902|1883|1900,tanker
859,1903|1901|1904|1902|1883|1900,tanker
860,1897|1899|1895|1896|1898|1894,tanker
861,1894|1918|1895|1899|1896|1898,tanker
862,1894|1895|1918|1899|1897|1896,tanker
863,1894|1895|1918|1899|1896|1898,tanker
864,1894|1895|1899|1897|1918|1896,tanker
865,1883|1882|1899|1894|1895|1881,tanker
866,1883|1882|1897|1892|1898|1899,tanker
867,1883|1899|1882|1894|1895|1881,tanker
868,1883|1882|1897|1894|1895|1899,tanker
869,1883|1882|1899|1894|1881|1895,tanker
870,1882|1883|1881|1884|1880|1894,tanker
871,1883|1882|1881|1880|1884|1903,tanker
872,1884|1882|1880|1883|1881|1894,tanker
873,1883|1882|1881|1884|1880|1903,tanker
874,1884|1880|1881|1894|1882|1883,tanker
875,1883|1882|1881|1880|1884|1903,tanker
876,1884|1881|1880|1882|1894|1883,tanker
877,1883|1882|1881|1880|1884|1903,tanker
878,1882|1883|1881|1884|1880|1900,tanker
879,1883|1882|1881|1884|1880|1903,tanker
880,1919|1918|1916|1836|1915|1837,tanker
881,1919|1837|1914|1835|1876|1818,tanker
882,1918|1915|1838|1837|1919|1916,tanker
883,1919|1837|1835|1839|1917|1918,tanker
884,1918|1915|1879|1838|1839|1837,tanker
885,1918|1915|1900|1879|1838|1916,tanker
886,1918|1904|1915|1900|1903|1916,tanker
887,1918|1879|1915|1838|1900|1821,tanker
888,1918|1915|1900|1916|1879|1838,tanker
889,1918|1915|1879|1900|1838|1916,tanker
890,1900|1821|1918|1823|1822|1824,tanker
891,1903|1904|1820|1901|1902|1822,tanker
892,1901|1903|1820|1822|1821|1824,tanker
893,1904|1903|1900|1820|1901|1823,tanker
894,1900|1821|1823|1822|1904|1918,tanker
895,1821|1900|1822|1901|1824|1820,tanker
896,1900|1903|1901|1904|1820|1821,tanker
897,1903|1904|1820|1902|1901|1883,tanker
898,1900|1823|1821|1904|1860|1824,tanker
899,1900|1904|1823|1903|1821|1902,tanker
900,1894|1818|1897|1895|1815|1918,tanker
901,1818|1815|1816|1819|1897|1899,tanker
902,1894|1895|1899|1918|1897|1896,tanker
903,1818|1815|1816|1899|1895|1819,tanker
904,1818|1815|1816|1819|1897|1898,tanker
905,1894|1801|1842|1918|1895|1810,tanker
906,1818|1883|1815|1882|1816|1819,tanker
907,1818|1883|1816|1815|1882|1819,tanker
908,1818|1883|1882|1815|1816|1819,tanker
909,1882|1883|1815|1818|1894|1897,tanker
910,1801|1842|1800|1884|1881|1880,tanker
911,1883|1882|1802|1804|1881|1818,tanker
912,1883|1882|1801|1802|1881|1803,tanker
913,1883|1882|1801|1804|1802|1881,tanker
914,1883|1882|1802|1804|1818|1815,tanker
915,1801|1842|1800|1884|1881|1880,tanker
916,1883|1882|1804|1802|1801|1881,tanker
917,1883|1801|1804|1881|1802|1882,tanker
918,1883|1804|1882|1802|1881|1880,tanker
919,1801|1800|1881|1884|1842|1804,tanker
920,1836|1838|1837|1835|1839|1830,tanker
921,1837|1839|1835|1838|1836|1818,tanker
922,1837|1836|1830|1818|1835|1839,tanker
923,1838|1837|1839|1835|1836|1830,tanker
924,1837|1835|1818|1836|1839|1830,tanker
925,1830|1820|1837|1836|1823|1835,tanker
926,1838|1823|1828|1821|1836|1824,tanker
927,1820|1837|1822|1821|1838|1839,tanker
928,1838|1823|1821|1828|1836|1824,tanker
929,1838|1821|1828|1822|1839|1824,tanker
930,1820|1822|1824|1821|1827|1823,tanker
931,1820|1822|1824|1823|1826|1830,tanker
932,1821|1823|1822|1824|1820|1828,tanker
933,1821|1823|1822|1824|1828|1820,tanker
934,1820|1822|1830|1827|1824|1826,tanker
935,1821|1823|1822|1824|1820|1801,tanker
936,1821|1823|1822|1824|1820|1801,tanker
937,1821|1823|1822|1820|1824|1801,tanker
938,1820|1822|1824|1823|1821|1827,tanker
939,1820|1822|1824|1823|1821|1802,tanker
940,1817|1810|1818|1815|1819|1816,tanker
941,1815|1818|1816|1819|1817|1810,tanker
942,1810|1817|1818|1819|1814|1815,tanker
943,1818|1815|1816|1819|1817|1810,tanker
944,1816|1818|1819|1817|1815|1810,tanker
945,1801|1800|1810|1806|1803|1805,tanker
946,1801|1810|1818|1815|1803|1800,tanker
947,1818|1816|1815|1819|1804|1802,tanker
948,1801|1810|1815|1803|1818|1800,tanker
949,1801|1800|1806|1810|1817|1803,tanker
950,1802|1804|1803|1801|1818|1800,tanker
951,1801|1803|1800|1802|1804|1810,tanker
952,1801|1804|1800|1802|1803|1808,tanker
953,1801|1800|1803|1804|1802|1806,tanker
954,1802|1804|1801|1803|1800|1818,tanker
955,1801|1800|1804|1802|1803|1822,tanker
956,1802|1804|1803|1801|1800|1820,tanker
957,1801|1800|1803|1804|1802|1806,tanker
958,1801|1803|1800|1804|1802|1823,tanker
959,1802|1804|1803|1800|1820|1818,tanker
1320,957|1919|475|476|1914|958,tanker
1321,1918|476|1915|959|1916|477,tanker
1322,1918|959|1915|477|1916|1437,tanker
1323,1918|959|477|1915|479|478,tanker
1324,476|957|475|1919|1918|1916,tanker
1325,1918|462|959|1915|477|1900,tanker
1326,1918|462|959|1915|1900|477,tanker
1327,462|1918|476|959|1915|1900,tanker
1328,1918|462|959|1915|477|1900,tanker
1329,1918|462|959|1915|477|1900,tanker
1330,462|1900|1421|1918|464|1420,tanker
1331,460|1903|1901|462|461|463,tanker
1332,462|460|1900|1904|1903|464,tanker
1333,462|1900|1421|464|1918|460,tanker
1334,460|462|1903|1904|1900|1901,tanker
1335,462|1900|1421|464|460|1904,tanker
1336,460|1903|1904|462|1901|942,tanker
1337,460|1903|1904|942|1901|1902,tanker
1338,460|1903|1901|461|463|942,tanker
1339,460|1903|1904|942|940|1902,tanker
1340,456|458|1899|455|1896|1897,tanker
1341,458|455|1899|456|938|457,tanker
1342,458|938|455|1894|1415|457,tanker
1343,458|455|938|457|1415|1895,tanker
1344,458|938|455|1894|1415|457,tanker
1345,458|1894|938|455|440|1415,tanker
1346,458|938|455|1894|440|442,tanker
1347,1883|1882|444|456|458|441,tanker
1348,1883|1882|444|458|456|441,tanker
1349,458|938|1894|455|440|1415,tanker
1350,1882|1883|444|440|442|1884,tanker
1351,440|442|1404|924|922|1403,tanker
1352,1883|1882|444|441|1881|443,tanker
1353,440|442|1882|1404|1884|443,tanker
1354,440|442|1883|1882|1881|443,tanker
1355,440|442|1881|443|1884|924,tanker
1356,1883|1882|441|444|1402|460,tanker
1357,440|442|1882|1881|1883|1884,tanker
1358,440|442|1404|924|922|1403,tanker
1359,442|440|1881|443|1884|1880,tanker
1360,1919|396|475|395|1837|957,tanker
1361,1918|399|959|1915|477|1879,tanker
1362,476|957|876|1919|396|475,tanker
1363,1918|399|959|477|1915|1919,tanker
1364,1918|399|959|1915|477|397,tanker
1365,1918|462|399|959|1915|476,tanker
1366,1918|399|462|959|420|1915,tanker
1367,1918|399|462|959|1915|477,tanker
1368,462|399|1918|476|959|1900,tanker
1369,1918|399|462|959|477|1901,tanker
1370,462|420|1900|464|1821|1918,tanker
1371,462|460|1900|420|464|1821,tanker
1372,460|861|462|1904|380|863,tanker
1373,460|380|1903|861|381|462,tanker
1374,462|420|1900|1421|1823|1918,tanker
1375,462|420|1900|1421|464|1821,tanker
1376,462|1900|420|1823|460|1821,tanker
1377,460|1903|381|380|861|1820,tanker
1378,462|420|464|1821|1900|1822,tanker
1379,460|861|380|1903|863|381,tanker
1380,458|938|455|378|858|1415,tanker
1381,1818|1815|1816|456|377|375,tanker
1382,458|1818|455|378|1815|938,tanker
1383,1818|458|1815|858|455|1816,tanker
1384,458|1899|455|378|1817|457,tanker
1385,362|458|455|938|1894|1801,tanker
1386,458|362|455|378|1801|938,tanker
1387,362|458|455|938|1894|1801,tanker
1388,458|362|938|1894|455|378,tanker
1389,1818|1883|1815|1882|1816|456,tanker
1390,362|1801|440|442|1842|1800,tanker
1391,362|1842|440|1882|1801|1404,tanker
1392,362|1801|440|1842|442|1404,tanker
1393,362|1801|442|440|1804|1800,tanker
1394,1883|362|1882|444|441|361,tanker
1395,362|1801|440|1842|1882|442,tanker
1396,1883|1882|444|361|842|441,tanker
1397,1883|1882|444|361|441|842,tanker
1398,1883|1882|444|361|441|842,tanker
1399,1882|1883|362|444|361|842,tanker
1400,399|1838|397|1356|398|1836,tanker
1401,399|397|1838|396|398|1837,tanker
1402,399|1838|397|1356|398|877,tanker
1403,396|876|392|1358|395|1837,tanker
1404,396|876|395|1358|392|1837,tanker
1405,380|396|861|381|392|1820,tanker
1406,381|396|380|1820|861|395,tanker
1407,399|1838|397|1823|1836|1821,tanker
1408,399|397|1838|1821|398|1356,tanker
1409,399|1838|397|1821|1837|381,tanker
1410,861|380|863|381|1820|383,tanker
1411,1821|1823|1822|384|1824|399,tanker
1412,1821|399|1822|362|384|1824,tanker
1413,1822|1820|1821|381|384|382,tanker
1414,861|1823|863|380|381|1821,tanker
1415,861|380|381|863|1820|383,tanker
1416,1821|1822|384|1823|1824|1820,tanker
1417,381|380|1820|861|1822|382,tanker
1418,1821|1822|384|1824|1823|1820,tanker
1419,1823|1821|362|1824|384|1822,tanker
1420,1818|1815|1816|377|375|1819,tanker
1421,1818|1815|1816|377|375|1819,tanker
1422,858|378|859|379|373|399,tanker
1423,858|378|859|379|399|373,tanker
1424,378|858|379|859|399|1817,tanker
1425,1818|1815|1816|377|375|1819,tanker
1426,362|858|378|373|859|1801,tanker
1427,362|378|1801|858|365|373,tanker
1428,362|1801|378|1816|1817|1819,tanker
1429,362|858|378|1801|373|859,tanker
1430,361|1802|364|842|1804|363,tanker
1431,362|1801|1800|1803|360|843,tanker
1432,842|361|364|1802|1804|363,tanker
1433,362|1801|1800|365|1803|360,tanker
1434,361|842|1802|362|364|363,tanker
1435,362|361|842|364|1802|1804,tanker
1436,362|1801|1800|360|1803|843,tanker
1437,361|842|364|1804|1802|844,tanker
1438,362|361|842|364|1801|1803,tanker
1439,362|1801|1800|1803|360|843,tanker
1800,476|475|957|477|479|478,tanker
1801,475|476|957|471|478|479,tanker
1802,477|479|476|959|478|458,tanker
1803,475|476|477|478|479|957,tanker
1804,477|476|479|959|478|458,tanker
1805,460|475|476|471|957|463,tanker
1806,460|475|476|471|957|463,tanker
1807,462|477|460|476|464|479,tanker
1808,462|476|460|477|479|464,tanker
1809,460|475|461|463|476|472,tanker
1810,460|461|463|942|464|940,tanker
1811,462|460|464|461|463|942,tanker
1812,462|460|463|461|464|942,tanker
1813,462|460|464|461|463|476,tanker
1814,460|461|463|464|462|942,tanker
1815,462|464|461|463|440|460,tanker
1816,462|464|461|463|460|440,tanker
1817,462|460|464|463|461|942,tanker
1818,462|464|461|463|440|442,tanker
1819,462|464|460|461|463|440,tanker
1820,458|455|457|938|459|456,tanker
1821,456|458|455|459|457|936,tanker
1822,458|455|456|457|459|938,tanker
1823,456|458|455|459|457|453,tanker
1824,458|456|455|457|459|938,tanker
1825,458|455|440|442|457|938,tanker
1826,458|455|440|442|457|443,tanker
1827,458|455|440|938|457|442,tanker
1828,456|441|444|460|448|453,tanker
1829,458|455|440|442|457|443,tanker
1830,440|442|443|458|462|922,tanker
1831,440|442|462|458|443|444,tanker
1832,440|442|443|458|462|444,tanker
1833,440|442|443|444|462|441,tanker
1834,442|440|443|441|444|458,tanker
1835,440|444|442|441|443|462,tanker
1836,442|440|441|443|444|460,tanker
1837,440|444|442|443|441|462,tanker
1838,444|441|460|443|442|440,tanker
1839,444|441|440|442|443|460,tanker
1840,399|477|397|959|479|398,tanker
1841,476|399|396|475|395|397,tanker
1842,396|475|392|395|957|876,tanker
1843,396|399|475|476|395|477,tanker
1844,399|477|397|396|476|479,tanker
1845,462|399|476|460|477|397,tanker
1846,399|462|420|477|959|464,tanker
1847,460|462|476|399|392|396,tanker
1848,462|399|476|460|397|477,tanker
1849,462|399|420|476|477|397,tanker
1850,462|420|464|399|362|460,tanker
1851,460|462|380|381|383|464,tanker
1852,462|460|381|464|461|380,tanker
1853,460|462|380|381|383|464,tanker
1854,460|380|381|861|383|462,tanker
1855,462|420|464|384|461|460,tanker
1856,462|420|464|384|460|461,tanker
1857,462|420|464|461|384|463,tanker
1858,460|380|381|861|383|382,tanker
1859,462|420|460|464|362|384,tanker
1860,456|377|375|376|417|459,tanker
1861,458|455|378|457|379|938,tanker
1862,456|377|375|458|376|455,tanker
1863,458|455|378|938|858|379,tanker
1864,458|455|378|858|379|938,tanker
1865,362|458|442|455|378|440,tanker
1866,456|377|375|441|444|361,tanker
1867,458|362|455|378|440|373,tanker
1868,458|362|456|444|377|375,tanker
1869,458|362|455|378|440|442,tanker
1870,362|440|442|441|444|360,tanker
1871,444|441|361|364|404|363,tanker
1872,362|440|442|458|365|360,tanker
1873,362|440|442|458|443|360,tanker
1874,362|440|442|462|458|360,tanker
1875,362|440|442|443|444|361,tanker
1876,362|440|442|443|360|462,tanker
1877,362|444|361|440|441|364,tanker
1878,444|361|441|364|362|363,tanker
1879,441|444|361|404|364|400,tanker
1880,399|396|395|397|398|392,tanker
1881,399|396|395|397|398|392,tanker
1882,399|397|398|395|396|390,tanker
1883,399|397|398|390|395|378,tanker
1884,396|399|395|392|397|398,tanker
1885,399|397|398|390|384|362,tanker
1886,396|380|392|381|395|383,tanker
1887,399|392|380|396|397|381,tanker
1888,399|397|398|390|362|384,tanker
1889,380|396|381|392|395|383,tanker
1890,399|384|362|382|381|383,tanker
1891,380|381|383|382|384|861,tanker
1892,384|381|382|383|399|380,tanker
1893,399|362|384|380|383|382,tanker
1894,380|381|861|383|382|863,tanker
1895,380|381|383|382|861|384,tanker
1896,380|381|383|382|384|861,tanker
1897,381|380|382|384|383|861,tanker
1898,380|381|383|382|384|861,tanker
1899,380|381|383|382|384|861,tanker
1900,377|375|376|379|378|396,tanker
1901,378|379|858|375|377|373,tanker
1902,378|379|377|375|376|858,tanker
1903,378|858|379|373|399|859,tanker
1904,378|379|377|375|399|376,tanker
1905,362|378|365|373|379|367,tanker
1906,362|378|365|379|360|373,tanker
1907,377|375|361|364|363|376,tanker
1908,377|375|361|364|363|376,tanker
1909,377|375|361|364|363|376,tanker
1910,362|360|365|361|367|363,tanker
1911,362|361|364|363|360|365,tanker
1912,362|360|365|361|367|363,tanker
1913,362|360|365|367|361|363,tanker
1914,362|365|360|367|378|373,tanker
1915,361|364|363|360|842|362,tanker
1916,364|361|363|362|360|844,tanker
1917,362|361|364|363|360|842,tanker
1918,361|364|363|842|844|380,tanker
1919,362|360|361|363|364|365,tanker
